o_free_time,o_num_assignments,a_rest,a_grading,a_pd,r,op_free_time,op_num_assignments,ap_rest,ap_grading,ap_pd,day
3,0,0.5,0.3,0.2,0.12180352610470813,0,0,0.1,0.9,-0.0,0
0,0,0.1,0.9,-0.0,1.6915359227684195,1,11,0.2,0.6,0.2,1
1,11,0.2,0.6,0.2,1.5160197244365636,4,21,0.3,0.0,0.7,2
4,21,0.3,0.0,0.7,0.9530873277728523,2,26,0.1,0.6,0.3,3
2,26,0.1,0.6,0.3,1.4901197244365636,4,40,0.2,0.5,0.3,4
4,40,0.2,0.5,0.3,1.4513809916592784,7,44,0.3,0.3,0.4,5
7,44,0.3,0.3,0.4,1.2775035261047079,7,41,0.3,0.6,0.1,6
7,41,0.3,0.6,0.1,1.5701,6,47,0.1,0.7,0.2,7
6,47,0.1,0.7,0.2,1.6401999999999999,2,44,0.1,0.3,0.6,8
2,44,0.1,0.3,0.6,1.2741000000000002,1,37,0.3,0.6,0.1,9
1,37,0.3,0.6,0.1,1.5701,6,41,0.3,0.2,0.5,10
6,41,0.3,0.2,0.5,0.1864999999999999,0,50,0.6,0.4,-0.0,11
0,50,0.6,0.4,-0.0,1.406,6,56,0.5,0.1,0.4,12
6,56,0.5,0.1,0.4,0.09089999999999998,0,67,0.6,0.3,0.1,13
0,67,0.6,0.3,0.1,1.2651,5,68,0.5,0.2,0.3,14
5,68,0.5,0.2,0.3,1.1462999999999999,6,79,0.9,0.1,0.0,15
6,79,0.9,0.1,0.0,0.9645,1,85,0.1,0.9,0.0,16
1,85,0.1,0.9,0.0,1.6019999999999996,5,89,0.4,0.2,0.4,17
5,89,0.4,0.2,0.4,0.9323999999999997,5,92,0.2,0.6,0.2,18
5,92,0.2,0.6,0.2,1.1401999999999997,2,101,0.2,0.3,0.5,19
2,101,0.2,0.3,0.5,0.8839999999999996,3,100,0.0,0.5,0.5,20
3,100,0.0,0.5,0.5,0.9704999999999999,3,104,0.2,0.8,-0.0,21
3,104,0.2,0.8,-0.0,1.1600000000000001,7,109,0.3,0.3,0.4,22
7,109,0.3,0.3,0.4,0.7139000000000001,1,109,0.7,0.1,0.2,23
1,109,0.7,0.1,0.2,-0.4838000000000001,0,110,0.3,0.4,0.3,24
0,110,0.3,0.4,0.3,0.5482999999999996,6,120,0.2,0.7,0.1,25
6,120,0.2,0.7,0.1,0.6900999999999999,3,128,0.5,0.4,0.1,26
3,128,0.5,0.4,0.1,0.5901,7,121,0.8,0.2,-0.0,27
7,121,0.8,0.2,-0.0,0.356,2,124,0.1,0.6,0.3,28
3,0,0.2,0.1,0.7,0.9311396113527506,5,0,0.7,0.3,0.0,0
5,0,0.7,0.3,0.0,1.1212922679623416,3,12,0.0,0.5,0.5,1
3,12,0.0,0.5,0.5,1.2356449245719325,4,16,0.6,0.1,0.3,2
4,16,0.6,0.1,0.3,-0.04576038864724952,0,17,0.2,0.3,0.5,3
0,17,0.2,0.3,0.5,1.0522922679623414,6,29,0.7,0.3,0.0,4
6,29,0.7,0.3,0.0,1.0952922679623416,2,38,0.3,0.1,0.6,5
2,38,0.3,0.1,0.6,0.8750396113527505,6,40,0.2,0.0,0.8,6
6,40,0.2,0.0,0.8,-0.25243671695204506,0,51,0.3,0.3,0.4,7
0,51,0.3,0.3,0.4,0.9386922679623414,1,57,0.0,0.1,0.9,8
1,57,0.0,0.1,0.9,0.7463396113527504,3,68,0.6,0.3,0.1,9
3,68,0.6,0.3,0.1,0.8363922679623415,4,84,0.4,0.5,0.1,10
4,84,0.4,0.5,0.1,0.8102449245719323,4,92,0.3,0.4,0.3,11
4,92,0.3,0.4,0.3,-0.3662314037328632,0,98,0.1,0.8,0.1,12
0,98,0.1,0.8,0.1,0.846273909486319,7,105,0.3,0.5,0.2,13
7,105,0.3,0.5,0.2,0.4778449245719325,5,116,0.1,0.6,0.3,14
5,116,0.1,0.6,0.3,0.5331212528767277,1,119,0.4,0.1,0.5,15
1,119,0.4,0.1,0.5,0.02893961135275036,7,125,0.4,0.1,0.5,16
7,125,0.4,0.1,0.5,-0.2495603886472495,1,137,0.6,0.2,0.2,17
1,137,0.6,0.2,0.2,-1.2456840603424542,0,140,0.6,0.4,-0.0,18
0,140,0.6,0.4,-0.0,-0.21953140373286328,6,146,0.2,0.3,0.5,19
6,146,0.2,0.3,0.5,-0.4927077320376587,3,154,0.5,0.5,0.0,20
3,154,0.5,0.5,0.0,-0.47235507542806765,1,163,0.3,0.3,0.4,21
1,163,0.3,0.3,0.4,-0.7568077320376587,7,169,0.2,0.5,0.3,22
7,169,0.2,0.5,0.3,-0.8120550754280678,1,180,0.0,0.1,0.9,23
1,180,0.0,0.1,0.9,-1.2346603886472498,3,184,0.4,0.4,0.2,24
3,184,0.4,0.4,0.2,-1.2183314037328632,4,196,0.4,0.2,0.4,25
4,196,0.4,0.2,0.4,-1.6194840603424543,7,208,0.3,0.6,0.1,26
7,208,0.3,0.6,0.1,-1.4190787471232724,2,214,0.1,0.9,0.0,27
2,214,0.1,0.9,0.0,-1.165649762208886,5,219,0.4,0.1,0.5,28
1,0,0.1,0.4,0.5,1.353712010288554,5,0,0.3,0.2,0.5,0
5,0,0.3,0.2,0.5,0.17211029453304638,0,15,0.0,0.2,0.8,1
0,15,0.0,0.2,0.8,1.1184102945330463,6,18,0.2,0.7,0.1,2
6,18,0.2,0.7,0.1,0.6500999999999999,0,21,0.1,0.1,0.8,3
0,21,0.1,0.1,0.8,1.0623,6,14,0.1,0.5,0.4,4
6,14,0.1,0.5,0.4,1.4453999999999998,3,20,0.1,0.5,0.4,5
3,20,0.1,0.5,0.4,1.4604,2,16,0.1,0.3,0.6,6
2,16,0.1,0.3,0.6,1.2741000000000002,5,21,0.0,0.7,0.3,7
5,21,0.0,0.7,0.3,1.6302999999999999,7,29,0.7,0.1,0.2,8
7,29,0.7,0.1,0.2,1.0587265374065291,3,27,0.2,0.0,0.8,9
3,27,0.2,0.0,0.8,0.88755,4,29,0.4,0.0,0.6,10
4,29,0.4,0.0,0.6,0.85735,1,38,0.4,0.4,0.2,11
1,38,0.4,0.4,0.2,1.1576499999999996,1,46,0.6,0.1,0.3,12
1,46,0.6,0.1,0.3,0.921225,1,54,0.3,0.6,0.1,13
1,54,0.3,0.6,0.1,1.3008999999999997,6,67,0.6,0.2,0.2,14
6,67,0.6,0.2,0.2,1.0142999999999995,1,73,0.3,0.1,0.6,15
1,73,0.3,0.1,0.6,0.8750249999999998,6,78,0.6,0.3,0.1,16
6,78,0.6,0.3,0.1,0.9133749999999997,2,86,0.5,0.2,0.3,17
2,86,0.5,0.2,0.3,0.7323999999999995,2,90,0.3,0.6,0.1,18
2,90,0.3,0.6,0.1,0.8368999999999996,4,100,0.4,0.4,0.2,19
4,100,0.4,0.4,0.2,0.6026499999999995,6,106,0.1,0.6,0.3,20
6,106,0.1,0.6,0.3,0.6570999999999997,7,112,0.6,0.1,0.3,21
7,112,0.6,0.1,0.3,0.35772499999999974,3,109,0.5,0.3,0.2,22
3,109,0.5,0.3,0.2,0.26247499999999957,7,120,0.3,0.4,0.3,23
7,120,0.3,0.4,0.3,0.32674999999999943,5,120,0.3,0.0,0.7,24
5,120,0.3,0.0,0.7,0.052449999999999775,3,117,0.5,0.3,0.2,25
3,117,0.5,0.3,0.2,0.04397499999999965,3,128,0.7,0.1,0.2,26
3,128,0.7,0.1,0.2,-0.14587500000000042,2,130,0.7,-0.0,0.3,27
2,130,0.7,-0.0,0.3,-0.49795000000000045,6,142,0.1,0.7,0.2,28
7,0,0.3,0.6,0.1,0.8338392067954565,5,0,0.3,0.7,0.0,0
5,0,0.3,0.7,0.0,0.9712229072201723,3,10,0.2,0.0,0.8,1
3,10,0.2,0.0,0.8,0.5656370042471602,6,7,0.0,0.3,0.7,2
6,7,0.0,0.3,0.7,-0.32751189447869167,0,11,0.2,0.1,0.7,3
0,11,0.2,0.1,0.7,0.5660207046718763,2,19,0.2,0.0,0.8,4
2,19,0.2,0.0,0.8,-0.5243629957528397,0,23,0.2,0.5,0.3,5
0,23,0.2,0.5,0.3,0.6900555063707401,2,30,0.3,0.6,0.1,6
2,30,0.3,0.6,0.1,0.8018392067954561,6,36,0.8,0.0,0.2,7
6,36,0.8,0.0,0.2,-0.44996299575283993,0,43,0.2,0.5,0.3,8
0,43,0.2,0.5,0.3,0.71255550637074,3,50,0.2,0.3,0.5,9
3,50,0.2,0.3,0.5,0.6272881055213081,7,66,0.9,0.0,0.1,10
7,66,0.9,0.0,0.1,0.5299370042471601,7,72,0.3,0.1,0.6,11
7,72,0.3,0.1,0.6,0.4659207046718762,3,80,0.3,0.5,0.2,12
3,80,0.3,0.5,0.2,0.4049555063707402,3,91,0.8,0.2,-0.0,13
3,91,0.8,0.2,-0.0,0.171804405096592,1,99,0.1,0.6,0.3,14
1,99,0.1,0.6,0.3,0.21003920679545612,6,103,0.2,0.4,0.4,15
6,103,0.2,0.4,0.4,-0.015828194053976063,5,112,0.3,0.6,0.1,16
5,112,0.3,0.6,0.1,-0.05016079320454392,3,121,0.5,0.2,0.3,17
3,121,0.5,0.2,0.3,-0.173895594903408,1,119,0.8,0.1,0.1,18
1,119,0.8,0.1,0.1,-0.4405792953281239,3,130,0.5,-0.0,0.5,19
3,130,0.5,-0.0,0.5,-1.77466299575284,0,141,0.2,0.2,0.6,20
0,141,0.2,0.2,0.6,-0.9695955949034079,2,151,0.1,0.3,0.6,21
2,151,0.1,0.3,0.6,-1.1386118944786918,6,160,0.1,0.0,0.9,22
6,160,0.1,0.0,0.9,-1.4292629957528398,1,168,0.4,0.1,0.5,23
1,168,0.4,0.1,0.5,-2.6961792953281236,0,182,0.1,0.7,0.2,24
0,182,0.1,0.7,0.2,-2.7420770927798275,0,193,0.4,0.4,0.2,25
0,193,0.4,0.4,0.2,-1.9300281940539759,7,201,0.5,0.4,0.1,26
7,201,0.5,0.4,0.1,-2.086128194053976,2,210,0.0,0.2,0.8,27
2,210,0.0,0.2,0.8,-2.191395594903408,6,209,0.3,0.6,0.1,28
6,0,0.2,0.6,0.2,0.707119755184861,5,0,0.3,0.4,0.3,0
5,0,0.3,0.4,0.3,-0.37588580647181635,0,10,0.1,0.5,0.4,1
0,10,0.1,0.5,0.4,0.6412159025381141,3,16,0.6,0.0,0.4,2
3,16,0.6,0.0,0.4,0.4432845193357048,4,24,0.3,0.6,0.1,3
4,24,0.3,0.6,0.1,0.614054962690261,4,34,0.4,0.4,0.2,4
4,34,0.4,0.4,0.2,0.54843801754145,4,37,0.1,0.4,0.5,5
4,37,0.1,0.4,0.5,0.5045343419260135,7,41,0.2,0.3,0.5,6
7,41,0.2,0.3,0.5,0.4551823988483405,6,49,0.4,0.4,0.2,7
6,49,0.4,0.4,0.2,-0.5110255039742744,0,56,0.2,0.7,0.1,8
0,56,0.2,0.7,0.1,-0.3968934605709332,0,62,0.8,0.0,0.2,9
0,62,0.8,0.0,0.2,0.3967094064496595,3,71,0.7,0.1,0.2,10
3,71,0.7,0.1,0.2,-0.6655103993729239,0,81,0.1,0.3,0.6,11
0,81,0.1,0.3,0.6,0.1650992296963208,3,87,0.8,0.2,0.0,12
3,87,0.8,0.2,0.0,-0.018470298743079094,6,97,0.1,0.7,0.2,13
6,97,0.1,0.7,0.2,-0.158281459114972,2,107,1.0,-0.0,0.0,14
2,107,1.0,-0.0,0.0,-0.24163382075270962,2,107,0.4,0.1,0.5,15
2,107,0.4,0.1,0.5,-0.5386781374456472,5,117,0.1,0.5,0.4,16
5,117,0.1,0.5,0.4,-0.7620850841480696,1,129,0.7,0.2,0.1,17
1,129,0.7,0.2,0.1,-0.7774393110530263,2,130,0.1,-0.0,0.9,18
2,130,0.1,-0.0,0.9,-1.1404616813583495,3,142,0.0,0.2,0.8,19
3,142,0.0,0.2,0.8,-1.4606714057768706,5,156,0.2,0.6,0.2,20
5,156,0.2,0.6,0.2,-1.4790026825498068,3,160,0.5,0.1,0.4,21
3,160,0.5,0.1,0.4,-1.6317975276976144,7,167,0.3,0.3,0.4,22
7,167,0.3,0.3,0.4,-1.889405431191144,3,178,0.7,0.2,0.1,23
3,178,0.7,0.2,0.1,-1.9913569746853896,6,184,0.4,0.2,0.4,24
6,184,0.4,0.2,0.4,-3.285862133237588,0,196,0.2,0.4,0.4,25
0,196,0.2,0.4,0.4,-2.4908606421647494,4,205,0.1,0.1,0.8,26
4,205,0.1,0.1,0.8,-2.641011110301323,5,212,0.1,0.3,0.6,27
5,212,0.1,0.3,0.6,-2.8411989991983093,5,221,0.4,0.3,0.3,28
7,0,0.2,0.5,0.3,1.0068548164219595,2,0,0.1,0.8,0.1,0
2,0,0.1,0.8,0.1,1.2999657797063517,2,13,0.1,0.2,0.7,1
2,13,0.1,0.2,0.7,0.8799438531375678,3,13,0.4,0.4,0.2,2
3,13,0.4,0.4,0.2,1.051651161993829,6,17,0.1,0.6,0.3,3
6,17,0.1,0.6,0.3,1.2159584708500906,7,21,0.3,0.6,0.1,4
7,21,0.3,0.6,0.1,1.2997584708500907,7,16,0.1,-0.0,0.9,5
7,16,0.1,-0.0,0.9,-0.20806345571869345,0,10,0.5,0.0,0.5,6
0,10,0.5,0.0,0.5,0.7815365442813065,4,21,0.5,0.3,0.2,7
4,21,0.5,0.3,0.2,0.9640475075656985,4,28,0.6,0.3,0.1,8
4,28,0.6,0.3,0.1,0.9674475075656984,4,31,0.1,0.4,0.5,9
4,31,0.1,0.4,0.5,0.993951161993829,7,41,0.6,0.2,0.2,10
7,41,0.6,0.2,0.2,-0.1065561468624322,0,46,0.3,0.6,0.1,11
0,46,0.3,0.6,0.1,1.1717584708500905,3,46,0.4,0.6,-0.0,12
3,46,0.4,0.6,-0.0,1.2456584708500906,3,54,0.1,0.5,0.4,13
3,54,0.1,0.5,0.4,1.1844548164219597,5,59,0.1,0.8,0.1,14
5,59,0.1,0.8,0.1,1.5249657797063516,2,63,0.8,0.2,-0.0,15
2,63,0.8,0.2,-0.0,1.099243853137568,7,58,0.2,0.4,0.4,16
7,58,0.2,0.4,0.4,1.206851161993829,3,74,0.3,0.7,0.0,17
3,74,0.3,0.7,0.0,1.5427621252782209,2,73,0.7,0.2,0.1,18
2,73,0.7,0.2,0.1,1.1433438531375677,6,75,0.2,0.6,0.2,19
6,75,0.2,0.6,0.2,0.4418584708500904,0,82,0.3,0.2,0.5,20
0,82,0.3,0.2,0.5,1.1277438531375676,3,79,0.5,0.4,0.1,21
3,79,0.5,0.4,0.1,1.107551161993829,5,91,0.0,0.2,0.8,22
5,91,0.0,0.2,0.8,0.7660438531375677,3,96,0.3,0.5,0.2,23
3,96,0.3,0.5,0.2,0.9592548164219596,3,102,0.3,0.4,0.3,24
3,102,0.3,0.4,0.3,0.7487511619938291,6,109,0.3,0.0,0.7,25
6,109,0.3,0.0,0.7,0.29673654428130647,7,112,0.1,0.5,0.4,26
7,112,0.1,0.5,0.4,-0.46304518357804036,0,121,0.5,0.3,0.2,27
0,121,0.5,0.3,0.2,0.46404750756569846,3,118,0.6,0.2,0.2,28
3,0,0.3,0.6,0.1,1.3145079133298943,4,0,0.1,0.9,0.0,0
4,0,0.1,0.9,0.0,1.6779843970792492,1,9,0.3,0.2,0.5,1
1,9,0.3,0.2,0.5,1.0968059349974204,7,12,0.5,0.4,0.1,2
7,12,0.5,0.4,0.1,0.2914569241636573,0,15,0.3,0.7,-0.0,3
0,15,0.3,0.7,-0.0,1.6094334079130124,1,23,0.2,0.1,0.7,4
1,23,0.2,0.1,0.7,1.039480440414302,6,31,0.9,-0.0,0.1,5
6,31,0.9,-0.0,0.1,0.9753549458311837,5,40,0.6,0.1,0.3,6
5,40,0.6,0.1,0.3,0.985580440414302,6,49,0.6,0.4,0.0,7
6,49,0.6,0.4,0.0,1.2243569241636572,6,54,0.6,0.3,0.1,8
6,54,0.6,0.3,0.1,1.1419314295805387,4,59,0.1,0.7,0.2,9
4,59,0.1,0.7,0.2,1.487633407913012,6,68,0.1,0.8,0.1,10
6,68,0.1,0.8,0.1,1.6945589024961303,2,74,0.5,0.3,0.2,11
2,74,0.5,0.3,0.2,1.2880314295805386,1,79,0.1,0.4,0.5,12
1,79,0.1,0.4,0.5,1.2098569241636565,2,87,0.1,0.1,0.8,13
2,87,0.1,0.1,0.8,0.8060804404143018,4,92,0.5,0.4,0.1,14
4,92,0.5,0.4,0.1,0.9944569241636568,6,98,0.9,0.1,-0.0,15
6,98,0.9,0.1,-0.0,0.6177804404143019,5,104,0.6,0.2,0.2,16
5,104,0.6,0.2,0.2,0.40650593499742005,1,116,0.1,0.7,0.2,17
1,116,0.1,0.7,0.2,0.8126334079130115,2,118,0.3,0.3,0.4,18
2,118,0.3,0.3,0.4,0.26223142958053836,1,129,0.1,0.6,0.3,19
1,129,0.1,0.6,0.3,0.422707913329893,6,136,0.5,0.4,0.1,20
6,136,0.5,0.4,0.1,0.19009999999999994,3,141,0.2,0.4,0.4,21
3,141,0.2,0.4,0.4,0.16039999999999988,3,141,0.1,0.3,0.6,22
3,141,0.1,0.3,0.6,-0.10589999999999988,4,149,0.5,0.3,0.2,23
4,149,0.5,0.3,0.2,-1.2528000000000001,0,158,0.5,0.4,0.1,24
0,158,0.5,0.4,0.1,-0.3299000000000003,2,167,0.2,0.7,0.1,25
2,167,0.2,0.7,0.1,-0.2499,7,175,0.0,0.1,0.9,26
7,175,0.0,0.1,0.9,-1.0076,7,183,0.2,0.3,0.5,27
7,183,0.2,0.3,0.5,-0.9815000000000003,2,191,0.1,0.6,0.3,28
6,0,0.0,0.9,0.1,0.6363134086631013,6,0,0.6,0.2,0.2,0
6,0,0.6,0.2,0.2,0.4501060542188391,2,8,0.2,0.4,0.4,1
2,8,0.2,0.4,0.4,0.44891593892124504,3,14,0.3,0.1,0.6,2
3,14,0.3,0.1,0.6,0.3318826484617064,2,13,0.9,0.0,0.1,3
2,13,0.9,0.0,0.1,0.31048306564912254,6,26,0.6,0.3,0.1,4
6,26,0.6,0.3,0.1,0.2979226399230933,1,34,0.1,0.6,0.3,5
1,34,0.1,0.6,0.3,-0.674434212878759,0,35,0.3,0.6,0.1,6
0,35,0.3,0.6,0.1,0.38710921974478985,6,43,0.6,0.1,0.3,7
6,43,0.6,0.1,0.3,0.2836438961073813,1,50,0.2,0.6,0.2,8
1,50,0.2,0.6,0.2,0.3462444240537136,4,53,0.3,0.6,0.1,9
4,53,0.3,0.6,0.1,-0.6026426322238777,0,61,0.1,0.8,0.1,10
0,61,0.1,0.8,0.1,-0.49301639713858625,0,65,0.5,-0.0,0.5,11
0,65,0.5,-0.0,0.5,0.3042458236080631,4,71,0.1,0.8,0.1,12
4,71,0.1,0.8,0.1,0.46866666485001096,3,81,0.1,0.4,0.5,13
3,81,0.1,0.4,0.5,0.35480007709614214,3,82,0.7,0.2,0.1,14
3,82,0.7,0.2,0.1,0.1916124994173828,6,89,0.6,0.4,0.0,15
6,89,0.6,0.4,0.0,0.11043518143484277,4,94,0.2,0.1,0.7,16
4,94,0.2,0.1,0.7,-0.05099283644583502,6,95,0.2,0.1,0.7,17
6,95,0.2,0.1,0.7,-0.2797529187604752,3,104,0.0,1.0,0.0,18
3,104,0.0,1.0,0.0,-0.31780127644306566,1,117,0.1,0.5,0.4,19
1,117,0.1,0.5,0.4,-1.310011694395325,0,115,0.5,0.1,0.4,20
0,115,0.5,0.1,0.4,-0.575275101236125,7,123,0.7,0.2,0.1,21
7,123,0.7,0.2,0.1,-0.7391983536921943,1,131,0.1,0.8,0.1,22
1,131,0.1,0.8,0.1,-1.7787272685865392,0,138,0.4,0.4,0.2,23
0,138,0.4,0.4,0.2,-0.9346924177658349,7,144,0.5,0.3,0.2,24
7,144,0.5,0.3,0.2,-1.2622050742664008,6,159,0.8,0.2,-0.0,25
6,159,0.8,0.2,-0.0,-2.3825197383695245,0,164,0.6,0.1,0.3,26
0,164,0.6,0.1,0.3,-1.5001896526307295,3,166,0.0,0.9,0.1,27
3,166,0.0,0.9,0.1,-1.5944437047697295,4,177,0.8,0.1,0.1,28
0,0,0.0,1.0,0.0,1.4003185388100892,6,0,0.2,0.1,0.7,0
6,0,0.2,0.1,0.7,0.7556796975485085,6,14,0.1,0.3,0.6,1
6,14,0.1,0.3,0.6,0.8114907985084798,3,18,0.2,0.7,0.1,2
3,18,0.2,0.7,0.1,0.07239484529523166,0,19,0.0,0.6,0.4,3
0,19,0.0,0.6,0.4,1.0041896997495388,6,22,0.6,0.2,0.2,4
6,22,0.6,0.2,0.2,0.7740006031586812,6,31,0.5,0.4,0.1,5
6,31,0.5,0.4,0.1,0.8372637931296723,5,35,0.3,0.3,0.4,6
5,35,0.3,0.3,0.4,0.7233839719830955,6,41,0.3,0.5,0.2,7
6,41,0.3,0.5,0.2,0.808825578750173,4,49,0.1,0.2,0.7,8
4,49,0.1,0.2,0.7,0.596573512556263,1,50,0.1,0.8,0.1,9
1,50,0.1,0.8,0.1,-0.052787189161295434,0,57,0.1,0.9,0.0,10
0,57,0.1,0.9,0.0,1.1413044618208672,1,67,0.6,0.2,0.2,11
1,67,0.6,0.2,0.2,0.7004090486128149,6,71,0.5,0.3,0.2,12
6,71,0.5,0.3,0.2,0.6136643649519723,3,84,0.6,0.3,0.1,13
3,84,0.6,0.3,0.1,0.46353689795842906,1,90,0.4,0.4,0.2,14
1,90,0.4,0.4,0.2,0.3616986296250631,3,95,0.1,0.9,0.0,15
3,95,0.1,0.9,0.0,0.40759377035735245,3,106,0.5,0.1,0.4,16
3,106,0.5,0.1,0.4,-0.08390622912680945,6,112,0.2,0.6,0.2,17
6,112,0.2,0.6,0.2,-0.12472702862254847,6,123,0.0,0.8,0.2,18
6,123,0.0,0.8,0.2,0.0785916642717861,6,123,0.3,0.7,-0.0,19
6,123,0.3,0.7,-0.0,0.11935283336893665,5,121,0.1,0.3,0.6,20
5,121,0.1,0.3,0.6,-0.14426617106721984,6,121,0.5,0.3,0.2,21
6,121,0.5,0.3,0.2,-0.2847650029267752,1,127,0.4,0.6,-0.0,22
1,127,0.4,0.6,-0.0,-0.23596462690193376,7,131,0.7,0.2,0.1,23
7,131,0.7,0.2,0.1,-0.5609492090661032,6,138,0.4,0.4,0.2,24
6,138,0.4,0.4,0.2,-0.637607159507791,2,143,0.6,0.1,0.3,25
2,143,0.6,0.1,0.3,-0.8228226508820486,1,145,0.7,0.0,0.3,26
1,145,0.7,0.0,0.3,-1.0290333197987436,5,151,0.4,0.3,0.3,27
5,151,0.4,0.3,0.3,-1.2588997102677437,5,163,0.1,0.9,-0.0,28
3,0,0.5,0.1,0.4,0.9305465818445096,1,0,0.0,0.9,0.1,0
1,0,0.0,0.9,0.1,1.6091259140950618,4,6,0.0,0.9,0.1,1
4,6,0.0,0.9,0.1,1.7706259140950615,2,14,0.1,0.1,0.8,2
2,14,0.1,0.1,0.8,1.0394465818445093,7,13,0.5,0.2,0.3,3
7,13,0.5,0.2,0.3,1.1393689983758284,1,24,0.1,0.7,0.2,4
1,24,0.1,0.7,0.2,1.6048810810324232,1,32,0.5,0.3,0.2,5
1,32,0.5,0.3,0.2,1.2866914149071471,3,35,0.2,0.7,0.1,6
3,35,0.2,0.7,0.1,1.6501,2,46,0.0,0.9,0.1,7
2,46,0.0,0.9,0.1,0.8101,0,51,0.0,0.9,0.1,8
0,51,0.0,0.9,0.1,0.8100999999999998,0,60,0.4,0.2,0.4,9
0,60,0.4,0.2,0.4,1.1964,3,67,0.1,0.2,0.7,10
3,67,0.1,0.2,0.7,1.1426999999999998,1,76,0.0,0.3,0.7,11
1,76,0.0,0.3,0.7,0.15219999999999995,0,83,0.1,0.6,0.3,12
0,83,0.1,0.6,0.3,1.2822999999999998,1,93,0.0,0.4,0.6,13
1,93,0.0,0.4,0.6,0.9805999999999998,4,99,0.4,0.5,0.1,14
4,99,0.4,0.5,0.1,0.9501,5,107,0.2,0.2,0.6,15
5,107,0.2,0.2,0.6,0.4965999999999998,2,114,0.1,0.0,0.9,16
2,114,0.1,0.0,0.9,0.10089999999999999,6,122,0.3,0.4,0.3,17
6,122,0.3,0.4,0.3,0.26629999999999976,3,132,0.2,0.0,0.8,18
3,132,0.2,0.0,0.8,-0.24919999999999998,5,138,0.5,0.3,0.2,19
5,138,0.5,0.3,0.2,-0.1493000000000002,1,146,0.3,0.3,0.4,20
1,146,0.3,0.3,0.4,-0.3956000000000002,5,157,0.1,0.4,0.5,21
5,157,0.1,0.4,0.5,-0.5235000000000003,1,167,0.5,0.1,0.4,22
1,167,0.5,0.1,0.4,-0.8591000000000002,7,172,0.6,0.3,0.1,23
7,172,0.6,0.3,0.1,-0.9249000000000003,7,183,0.3,0.6,0.1,24
7,183,0.3,0.6,0.1,-0.9259,1,196,0.3,0.4,0.3,25
1,196,0.3,0.4,0.3,-1.0697,1,196,0.2,0.3,0.5,26
1,196,0.2,0.3,0.5,-1.346,2,205,0.3,0.3,0.4,27
2,205,0.3,0.3,0.4,-1.5426000000000004,5,215,0.2,0.5,0.3,28
1,0,0.5,0.1,0.4,0.12092266321155708,6,0,0.0,1.0,-0.0,0
6,0,0.0,1.0,-0.0,0.2464048422028311,7,13,0.1,0.4,0.5,1
7,13,0.1,0.4,0.5,0.22698338954198166,1,6,0.3,0.5,0.2,2
1,6,0.3,0.5,0.2,0.2925036316521233,6,5,0.3,0.6,0.1,3
6,5,0.3,0.6,0.1,0.36722387376226495,5,14,0.1,0.5,0.4,4
5,14,0.1,0.5,0.4,0.3702036316521232,7,12,0.2,0.8,-0.0,5
7,12,0.2,0.8,-0.0,0.5577643579825479,7,10,0.5,0.2,0.3,6
7,10,0.5,0.2,0.3,0.41814290532169857,1,14,0.5,-0.0,0.5,7
1,14,0.5,-0.0,0.5,0.3237024211014155,5,12,0.1,0.5,0.4,8
5,12,0.1,0.5,0.4,0.40770363165212314,2,21,0.2,0.4,0.4,9
2,21,0.2,0.4,0.4,0.4118833895419816,7,23,0.2,0.2,0.6,10
7,23,0.2,0.2,0.6,0.3464429053216986,1,30,0.4,0.1,0.5,11
1,30,0.4,0.1,0.5,0.309022663211557,7,32,0.4,0.2,0.4,12
7,32,0.4,0.2,0.4,0.30024290532169856,6,46,0.5,0.2,0.3,13
6,46,0.5,0.2,0.3,0.28614290532169856,2,48,0.2,-0.0,0.8,14
2,48,0.2,-0.0,0.8,0.18400242110141551,4,46,0.3,0.3,0.4,15
4,46,0.3,0.3,0.4,0.20606314743184007,6,62,0.6,0.1,0.3,16
6,62,0.6,0.1,0.3,-0.814177336788443,0,64,0.2,0.3,0.5,17
0,64,0.2,0.3,0.5,-0.85583685256816,0,74,0.4,0.1,0.5,18
0,74,0.4,0.1,0.5,-0.9179773367884431,0,82,0.6,0.3,0.1,19
0,82,0.6,0.3,0.1,-0.20823685256815994,2,97,0.2,0.5,0.3,20
2,97,0.2,0.5,0.3,-1.3748963683478768,0,105,0.2,0.5,0.3,21
0,105,0.2,0.5,0.3,-0.47739636834787685,1,112,0.1,0.7,0.2,22
1,112,0.1,0.7,0.2,-0.6083558841275938,5,123,0.2,0.6,0.2,23
5,123,0.2,0.6,0.2,-0.6026761262377354,3,126,0.2,0.5,0.3,24
3,126,0.2,0.5,0.3,-1.5773963683478769,0,126,0.2,0.2,0.6,25
0,126,0.2,0.2,0.6,-0.6855570946783014,7,128,0.6,0.1,0.3,26
7,128,0.6,0.1,0.3,-0.877177336788443,1,137,0.1,0.3,0.6,27
1,137,0.1,0.3,0.6,-1.09473685256816,1,146,0.2,0.1,0.7,28
7,0,0.1,0.3,0.6,0.5442718908208161,6,0,0.6,0.2,0.2,0
6,0,0.6,0.2,0.2,-0.48894567971257097,0,10,0.4,0.5,0.1,1
0,10,0.4,0.5,0.1,0.5859715284002621,3,19,0.5,0.4,0.1,2
3,19,0.5,0.4,0.1,0.5511643906215845,7,24,0.7,0.3,0.0,3
7,24,0.7,0.3,0.0,0.5105278095743292,3,33,0.2,0.5,0.3,4
3,33,0.2,0.5,0.3,0.5222709378308392,2,33,0.2,0.3,0.5,5
2,33,0.2,0.3,0.5,-0.5621229491464559,0,35,0.6,0.3,0.1,6
0,35,0.6,0.3,0.1,0.44871839085144877,3,44,0.6,0.1,0.3,7
3,44,0.6,0.1,0.3,0.3492415205089076,7,57,0.1,0.2,0.7,8
7,57,0.1,0.2,0.7,0.27794819686468053,6,61,0.3,0.6,0.1,9
6,61,0.3,0.6,0.1,0.39618465760771737,2,71,0.0,0.8,0.2,10
2,71,0.0,0.8,0.2,0.49568125724425627,5,74,0.1,0.1,0.8,11
5,74,0.1,0.1,0.8,0.2962289266895665,5,77,0.3,0.6,0.1,12
5,77,0.3,0.6,0.1,0.3396482489900932,6,86,0.9,0.0,0.1,13
6,86,0.9,0.0,0.1,0.22027717211327527,2,85,0.1,0.6,0.3,14
2,85,0.1,0.6,0.3,0.14359265719935496,6,91,0.4,0.5,0.1,15
6,91,0.4,0.5,0.1,0.09332495743730573,1,95,0.1,0.3,0.6,16
1,95,0.1,0.3,0.6,-1.0144025759901378,0,96,0.3,0.4,0.3,17
0,96,0.3,0.4,0.3,-0.06374626624864466,1,100,0.4,0.2,0.4,18
1,100,0.4,0.2,0.4,-0.30153749350471576,5,109,0.1,0.4,0.5,19
5,109,0.1,0.4,0.5,-0.5196260967403459,4,120,0.3,0.5,0.2,20
4,120,0.3,0.5,0.2,-1.5388176409928267,0,124,0.7,0.1,0.2,21
0,124,0.7,0.1,0.2,-1.6201876291492656,0,124,0.2,0.4,0.4,22
0,124,0.2,0.4,0.4,-0.7839471948407962,1,131,0.1,0.5,0.4,23
1,131,0.1,0.5,0.4,-0.9836340582677866,4,142,0.4,0.5,0.1,24
4,142,0.4,0.5,0.1,-1.1232889198287572,5,152,0.5,0.4,0.1,25
5,152,0.5,0.4,0.1,-1.1163344058913403,6,151,0.3,0.1,0.6,26
6,151,0.3,0.1,0.6,-1.3579333661276467,5,158,0.5,0.3,0.2,27
5,158,0.5,0.3,0.2,-1.5216570526841209,5,167,0.2,0.6,0.2,28
5,0,0.1,0.4,0.5,1.0479370845732245,7,0,0.3,0.1,0.6,0
7,0,0.3,0.1,0.6,0.8286577093075338,1,13,0.0,0.6,0.4,1
1,13,0.0,0.6,0.4,1.179756668083685,3,16,0.6,0.2,0.2,2
3,16,0.6,0.2,0.2,-0.054282498937236134,0,20,0.3,0.6,0.1,3
0,20,0.3,0.6,0.1,1.2414566680836852,1,32,0.3,0.6,0.1,4
1,32,0.3,0.6,0.1,1.3054566680836852,6,40,0.0,1.0,0.0,5
6,40,0.0,1.0,0.0,1.7691958351046067,1,44,0.1,0.7,0.2,6
1,44,0.1,0.7,0.2,1.6225164598389152,7,33,0.1,0.7,0.2,7
7,33,0.1,0.7,0.2,1.6401999999999999,4,39,0.3,0.3,0.4,8
4,39,0.3,0.3,0.4,1.2939,4,32,0.7,0.2,0.1,9
4,32,0.7,0.2,0.1,1.2200999999999997,3,40,0.6,0.2,0.2,10
3,40,0.6,0.2,0.2,1.1861999999999997,5,49,0.5,0.2,0.3,11
5,49,0.5,0.2,0.3,1.1522999999999997,4,50,0.5,0.1,0.4,12
4,50,0.5,0.1,0.4,1.0303999999999998,2,57,0.2,0.0,0.8,13
2,57,0.2,0.0,0.8,0.8707999999999998,7,66,0.2,0.6,0.2,14
7,66,0.2,0.6,0.2,1.3841999999999994,3,71,0.7,0.2,0.1,15
3,71,0.7,0.2,0.1,1.0940999999999996,3,69,0.4,0.3,0.3,16
3,69,0.4,0.3,0.3,1.1347999999999996,6,74,0.6,0.1,0.3,17
6,74,0.6,0.1,0.3,0.9432999999999997,1,81,0.2,0.6,0.2,18
1,81,0.2,0.6,0.2,0.11219999999999941,0,92,0.4,0.3,0.3,19
0,92,0.4,0.3,0.3,0.8147999999999995,1,96,0.3,0.4,0.3,20
1,96,0.3,0.4,0.3,0.7552999999999994,4,103,0.2,0.7,0.1,21
4,103,0.2,0.7,0.1,0.9310999999999993,2,110,0.2,0.2,0.6,22
2,110,0.2,0.2,0.6,0.4125999999999995,2,114,0.1,0.7,0.2,23
2,114,0.1,0.7,0.2,0.7406999999999991,2,122,0.8,0.2,-0.0,24
2,122,0.8,0.2,-0.0,0.21399999999999952,1,129,0.2,0.7,0.1,25
1,129,0.2,0.7,0.1,0.5100999999999991,2,137,0.3,0.5,0.2,26
2,137,0.3,0.5,0.2,0.20019999999999993,5,144,0.5,0.4,0.1,27
5,144,0.5,0.4,0.1,-0.00990000000000002,5,151,0.1,0.1,0.8,28
2,0,0.0,0.3,0.7,-0.7709796044854615,0,0,0.0,0.1,0.9,0
0,0,0.0,0.1,0.9,0.1709787962046095,3,15,0.9,0.1,-0.0,1
3,15,0.9,0.1,-0.0,0.22157879620460952,4,22,0.1,0.4,0.5,2
4,22,0.1,0.4,0.5,0.164691195169503,7,27,0.0,0.7,0.3,3
7,27,0.0,0.7,0.3,-0.7403964058656035,0,32,0.2,0.1,0.7,4
0,32,0.2,0.1,0.7,0.18527879620460955,5,32,0.7,0.3,0.0,5
5,32,0.7,0.3,0.0,0.2398203955145385,7,42,0.1,0.5,0.4,6
7,42,0.1,0.5,0.4,0.22846199482446755,2,52,0.4,0.4,0.2,7
2,52,0.4,0.4,0.2,0.26439119516950293,3,56,0.7,0.2,0.1,8
3,56,0.7,0.2,0.1,0.2525495958595739,3,65,0.6,0.0,0.4,9
3,65,0.6,0.0,0.4,0.179107996549645,1,72,0.2,0.4,0.4,10
1,72,0.2,0.4,0.4,0.16059119516950301,1,77,0.3,0.4,0.3,11
1,77,0.3,0.4,0.3,0.06449119516950302,3,86,0.1,0.4,0.5,12
3,86,0.1,0.4,0.5,-0.221308804830497,1,100,0.5,0.2,0.3,13
1,100,0.5,0.2,0.3,-0.3552504041404261,1,107,0.2,0.4,0.4,14
1,107,0.2,0.4,0.4,-0.5654088048304969,4,117,0.4,0.5,0.1,15
4,117,0.4,0.5,0.1,-0.7443380051755324,5,129,0.3,0.1,0.6,16
5,129,0.3,0.1,0.6,-0.8978212037953905,7,133,0.0,0.5,0.5,17
7,133,0.0,0.5,0.5,-0.9989380051755323,3,139,0.3,0.0,0.7,18
3,139,0.3,0.0,0.7,-1.145592003450355,1,144,0.1,0.4,0.5,19
1,144,0.1,0.4,0.5,-1.270308804830497,1,150,0.0,0.6,0.4,20
1,150,0.0,0.6,0.4,-1.3536672055205679,1,157,0.0,0.6,0.4,21
1,157,0.0,0.6,0.4,-1.409667205520568,1,163,0.0,1.0,0.0,22
1,163,0.0,1.0,0.0,-1.33258400690071,6,171,0.2,0.7,0.1,23
6,171,0.2,0.7,0.1,-1.3770964058656032,7,176,0.1,0.1,0.8,24
7,176,0.1,0.1,0.8,-1.6941212037953903,7,182,0.6,0.0,0.4,25
7,182,0.6,0.0,0.4,-1.775892003450355,4,185,0.4,0.5,0.1,26
4,185,0.4,0.5,0.1,-1.8568380051755322,4,194,0.3,0.6,0.1,27
4,194,0.3,0.6,0.1,-1.943967205520568,4,202,0.2,0.3,0.5,28
1,0,0.1,0.0,0.9,0.79278996543703,5,0,0.3,0.2,0.5,0
5,0,0.3,0.2,0.5,0.9247679585244359,3,13,0.8,0.2,-0.0,1
3,13,0.8,0.2,-0.0,0.9502679585244358,2,16,0.0,0.6,0.4,2
2,16,0.0,0.6,0.4,1.1914239446992478,7,21,0.1,0.6,0.3,3
7,21,0.1,0.6,0.3,1.265323944699248,5,30,0.1,0.2,0.7,4
5,30,0.1,0.2,0.7,0.9529679585244359,1,27,0.3,0.4,0.3,5
1,27,0.3,0.4,0.3,1.1269459516118419,6,29,0.4,0.3,0.3,6
6,29,0.4,0.3,0.3,1.059256955068139,1,37,0.4,0.3,0.3,7
1,37,0.4,0.3,0.3,1.052756955068139,6,37,0.5,0.2,0.3,8
6,37,0.5,0.2,0.3,0.9685679585244358,7,46,0.0,0.9,0.1,9
7,46,0.0,0.9,0.1,1.5571909343303567,6,59,0.1,0.5,0.4,10
6,59,0.1,0.5,0.4,1.2982349481555449,3,54,0.6,0.2,0.2,11
3,54,0.6,0.2,0.2,1.086467958524436,5,60,0.4,0.0,0.6,12
5,60,0.4,0.0,0.6,0.8624899654370299,6,71,0.6,0.1,0.3,13
6,71,0.6,0.1,0.3,0.8958789619807328,6,81,0.8,0.0,0.2,14
6,81,0.8,0.0,0.2,0.6170899654370299,3,90,0.9,-0.0,0.1,15
3,90,0.9,-0.0,0.1,0.3569899654370298,1,101,0.4,0.4,0.2,16
1,101,0.4,0.4,0.2,0.39584595161184144,5,109,0.0,0.2,0.8,17
5,109,0.0,0.2,0.8,0.05306795852443569,6,117,0.6,0.1,0.3,18
6,117,0.6,0.1,0.3,-0.2636210380192672,5,131,0.7,0.2,0.1,19
5,131,0.7,0.2,0.1,-0.3836320414755644,2,139,0.0,0.4,0.6,20
2,139,0.0,0.4,0.6,-0.4547540483881587,4,145,0.8,0.0,0.2,21
4,145,0.8,0.0,0.2,-0.8579100345629704,7,156,0.3,0.5,0.2,22
7,156,0.3,0.5,0.2,-0.7094650518444556,3,160,0.4,0.4,0.2,23
3,160,0.4,0.4,0.2,-1.8361540483881584,0,165,0.2,0.2,0.6,24
0,165,0.2,0.2,0.6,-1.2231320414755644,1,177,0.8,0.2,-0.0,25
1,177,0.8,0.2,-0.0,-1.4877320414755646,2,192,0.9,0.0,0.1,26
2,192,0.9,0.0,0.1,-1.7030100345629702,7,196,0.4,0.1,0.5,27
7,196,0.4,0.1,0.5,-1.9484210380192675,4,206,0.6,0.4,-0.0,28
3,0,0.6,-0.0,0.4,0.5565770841102706,4,0,0.7,0.1,0.2,0
4,0,0.7,0.1,0.2,0.5674947925212976,7,7,0.0,0.1,0.9,1
7,7,0.0,0.1,0.9,0.45969479252129775,4,15,0.1,0.2,0.7,2
4,15,0.1,0.2,0.7,-0.5218874990676752,0,19,0.2,0.8,-0.0,3
0,19,0.2,0.8,-0.0,0.7971187513984872,2,30,0.2,0.6,0.2,4
2,30,0.2,0.6,0.2,0.7860833345764331,1,32,0.8,0.0,0.2,5
1,32,0.8,0.0,0.2,-0.45362291588972936,0,35,0.1,0.9,-0.0,6
0,35,0.1,0.9,-0.0,0.9672364598095142,1,46,0.7,0.0,0.3,7
1,46,0.7,0.0,0.3,0.5714770841102705,2,55,0.1,-0.0,0.9,8
2,55,0.1,-0.0,0.9,0.46207708411027065,1,61,0.1,0.8,0.1,9
1,61,0.1,0.8,0.1,0.8682187513984871,1,67,0.4,0.1,0.5,10
1,67,0.4,0.1,0.5,0.5652947925212979,4,76,0.5,0.1,0.4,11
4,76,0.5,0.1,0.4,0.4766947925212977,6,83,0.4,0.1,0.5,12
6,83,0.4,0.1,0.5,0.2282947925212978,6,93,0.4,0.2,0.4,13
6,93,0.4,0.2,0.4,0.13581250093232494,5,98,0.1,0.7,0.2,14
5,98,0.1,0.7,0.2,0.1872010429874602,4,106,0.0,0.6,0.4,15
4,106,0.0,0.6,0.4,0.22628333457643324,1,105,0.8,0.1,0.1,16
1,105,0.8,0.1,0.1,0.03189479252129779,6,107,0.3,0.6,0.1,17
6,107,0.3,0.6,0.1,0.06398333457643324,7,115,0.1,0.2,0.7,18
7,115,0.1,0.2,0.7,-0.0578874990676751,4,111,0.2,0.3,0.5,19
4,111,0.2,0.3,0.5,-0.11696979065664803,5,116,0.5,0.2,0.3,20
5,116,0.5,0.2,0.3,-0.28828749906767503,2,123,0.0,0.1,0.9,21
2,123,0.0,0.1,0.9,-0.6313052074787021,4,134,0.4,0.5,0.1,22
4,134,0.4,0.5,0.1,-0.5681343738345939,4,141,0.1,0.3,0.6,23
4,141,0.1,0.3,0.6,-0.732369790656648,6,144,0.3,0.7,0.0,24
6,144,0.3,0.7,0.0,-0.6649989570125396,4,153,0.3,0.2,0.5,25
4,153,0.3,0.2,0.5,-0.844087499067675,1,151,0.6,0.1,0.3,26
1,151,0.6,0.1,0.3,-0.969905207478702,3,155,0.3,0.3,0.4,27
3,155,0.3,0.3,0.4,-1.119069790656648,4,164,0.7,0.0,0.3,28
0,0,0.1,0.2,0.7,0.9508912975225878,3,0,0.2,0.6,0.2,0
3,0,0.2,0.6,0.2,1.3044550633634509,7,12,0.5,0.3,0.2,1
7,12,0.5,0.3,0.2,1.1059072389828037,4,15,0.0,0.3,0.7,2
4,15,0.0,0.3,0.7,1.0499072389828037,3,14,0.4,0.5,0.1,3
3,14,0.4,0.5,0.1,1.2728391219032351,3,25,0.6,0.2,0.2,4
3,25,0.6,0.2,0.2,1.042391297522588,3,23,0.2,0.1,0.7,5
3,23,0.2,0.1,0.7,0.8908753560623724,7,30,0.0,0.3,0.7,6
7,30,0.0,0.3,0.7,0.004407238982803818,0,37,0.4,0.5,0.1,7
0,37,0.4,0.5,0.1,1.2203391219032351,4,44,0.1,0.5,0.4,8
4,44,0.1,0.5,0.4,1.228139121903235,1,49,0.2,0.1,0.7,9
1,49,0.2,0.1,0.7,0.9018753560623725,5,54,0.5,0.4,0.1,10
5,54,0.5,0.4,0.1,1.1583231804430192,1,65,0.5,0.3,0.2,11
1,65,0.5,0.3,0.2,1.0799072389828037,5,72,0.1,0.7,0.2,12
5,72,0.1,0.7,0.2,1.399471004823666,6,81,0.2,0.0,0.8,13
6,81,0.2,0.0,0.8,0.8409594146021566,3,79,0.8,0.1,0.1,14
3,79,0.8,0.1,0.1,0.7937753560623723,3,87,0.3,0.5,0.2,15
3,87,0.3,0.5,0.2,0.9154391219032347,2,94,0.5,0.2,0.3,16
2,94,0.5,0.2,0.3,-0.4415087024774123,0,101,0.3,0.1,0.6,17
0,101,0.3,0.1,0.6,0.2512753560623723,7,110,0.1,0.1,0.8,18
7,110,0.1,0.1,0.8,-1.0070246439376278,0,120,1.0,-0.0,-0.0,19
0,120,1.0,-0.0,-0.0,-0.18984058539784354,2,128,0.5,0.0,0.5,20
2,128,0.5,0.0,0.5,-0.3893405853978438,3,133,0.6,0.2,0.2,21
3,133,0.6,0.2,0.2,-1.4396087024774125,0,140,0.0,0.8,0.2,22
0,140,0.0,0.8,0.2,-0.1935130537161187,3,146,0.8,0.1,0.1,23
3,146,0.8,0.1,0.1,-0.711224643937628,5,154,0.4,0.2,0.4,24
5,154,0.4,0.2,0.4,-0.8814087024774124,7,162,0.5,0.5,-0.0,25
7,162,0.5,0.5,-0.0,-0.8597608780967656,1,171,0.1,0.2,0.7,26
1,171,0.1,0.2,0.7,-1.0851087024774126,5,171,0.9,0.1,-0.0,27
5,171,0.9,0.1,-0.0,-1.236324643937628,6,178,0.5,0.1,0.4,28
7,0,0.1,0.0,0.9,0.7966915882794212,5,0,0.3,0.3,0.4,0
5,0,0.3,0.3,0.4,0.015429064763247569,0,11,0.5,0.2,0.3,1
0,11,0.5,0.2,0.3,0.9432499059353052,5,20,0.5,0.3,0.2,2
5,20,0.5,0.3,0.2,1.0027290647632474,2,24,0.4,0.2,0.4,3
2,24,0.4,0.2,0.4,0.9033499059353054,4,28,0.3,0.2,0.5,4
4,28,0.3,0.2,0.5,0.8694499059353054,7,37,0.4,0.3,0.3,5
7,37,0.4,0.3,0.3,0.9343290647632475,2,45,0.4,0.3,0.3,6
2,45,0.4,0.3,0.3,0.9278290647632474,1,52,0.7,0.1,0.2,7
1,52,0.7,0.1,0.2,0.7980707471073631,6,61,0.3,0.5,0.2,8
6,61,0.3,0.5,0.2,1.0238873824191317,6,68,0.3,0.2,0.5,9
6,68,0.3,0.2,0.5,0.8214499059353053,7,74,0.6,0.3,0.1,10
7,74,0.6,0.3,0.1,0.9021290647632475,3,77,0.6,0.2,0.2,11
3,77,0.6,0.2,0.2,0.7811499059353052,6,82,0.8,0.1,0.1,12
6,82,0.8,0.1,0.1,0.5874707471073631,2,88,0.2,0.5,0.3,13
2,88,0.2,0.5,0.3,0.6314873824191316,5,95,0.4,0.3,0.3,14
5,95,0.4,0.3,0.3,0.39682906476324736,7,102,0.1,0.6,0.3,15
7,102,0.1,0.6,0.3,0.2715665412470736,6,118,0.2,0.6,0.2,16
6,118,0.2,0.6,0.2,-0.7345334587529263,0,122,0.4,0.4,0.2,17
0,122,0.4,0.4,0.2,-0.8436917764088107,0,123,0.1,0.1,0.8,18
0,123,0.1,0.1,0.8,-0.3193292528926369,1,134,0.2,0.1,0.7,19
1,134,0.2,0.1,0.7,-1.507929252892637,0,142,0.3,0.6,0.1,20
0,142,0.3,0.6,0.1,-0.3566334587529263,4,152,0.3,0.4,0.3,21
4,152,0.3,0.4,0.3,-0.8415917764088108,7,171,0.8,0.0,0.2,22
7,171,0.8,0.0,0.2,-1.224008411720579,1,178,0.4,0.5,0.1,23
1,178,0.4,0.5,0.1,-1.0487126175808685,7,183,0.5,0.3,0.2,24
7,183,0.5,0.3,0.2,-1.3012709352367529,1,190,0.1,0.4,0.5,25
1,190,0.1,0.4,0.5,-1.4493917764088107,1,199,0.2,0.3,0.5,26
1,199,0.2,0.3,0.5,-1.5844709352367528,3,203,0.3,0.4,0.3,27
3,203,0.3,0.4,0.3,-1.662591776408811,1,211,0.2,0.7,0.1,28
0,0,0.3,0.6,0.1,0.5903519890203135,1,0,0.2,0.4,0.4,0
1,0,0.2,0.4,0.4,0.5086452859940701,6,6,0.2,0.8,-0.0,1
6,6,0.2,0.8,-0.0,0.7102688835177481,2,12,0.1,0.3,0.6,2
2,12,0.1,0.3,0.6,0.5186716133747147,6,10,0.4,0.3,0.3,3
6,10,0.4,0.3,0.3,0.49613434407228396,5,17,0.6,0.1,0.3,4
5,17,0.6,0.1,0.3,0.4035402049877078,2,22,0.7,0.1,0.2,5
2,22,0.7,0.1,0.2,-0.6409516344915622,0,32,0.9,0.1,-0.0,6
0,32,0.9,0.1,-0.0,0.32717956629543027,2,38,0.3,0.2,0.5,7
2,38,0.3,0.2,0.5,0.24403662378659818,2,48,0.0,0.2,0.8,8
2,48,0.0,0.2,0.8,0.17970322414034054,1,53,0.2,0.3,0.5,9
1,53,0.2,0.3,0.5,0.1891689000590348,6,65,0.2,0.4,0.4,10
6,65,0.2,0.4,0.4,0.1970704042146144,6,78,0.5,0.3,0.2,11
6,78,0.5,0.3,0.2,-0.7952332674613127,0,80,0.2,0.7,0.1,12
0,80,0.2,0.7,0.1,0.14911756795956643,2,86,0.3,0.1,0.6,13
2,86,0.3,0.1,0.6,-0.14121192453256534,6,96,0.7,0.3,0.0,14
6,96,0.7,0.3,0.0,-1.368105454908088,0,109,0.3,0.6,0.1,15
0,109,0.3,0.6,0.1,-0.4874916530547249,6,116,0.1,0.6,0.3,16
6,116,0.1,0.6,0.3,-0.6797531907563681,4,127,0.2,0.5,0.3,17
4,127,0.2,0.5,0.3,-0.6983716324702475,1,129,0.7,0.2,0.1,18
1,129,0.7,0.2,0.1,-0.85687120139352,1,136,0.0,0.4,0.6,19
1,136,0.0,0.4,0.6,-1.1296017937855216,7,147,0.3,0.3,0.4,20
7,147,0.3,0.3,0.4,-1.2257804380516688,6,152,0.4,0.3,0.3,21
6,152,0.4,0.3,0.3,-1.3528814357431902,7,158,0.1,0.4,0.5,22
7,158,0.1,0.4,0.5,-1.5147362912964746,6,165,0.7,0.2,0.1,23
6,165,0.7,0.2,0.1,-1.5183917828455002,3,166,0.2,0.2,0.6,24
3,166,0.2,0.2,0.6,-2.8584016477953655,0,179,0.6,0.4,-0.0,25
0,179,0.6,0.4,-0.0,-1.9122165730508411,4,184,0.5,0.1,0.4,26
4,184,0.5,0.1,0.4,-2.2266373025700195,6,197,0.0,0.2,0.8,27
6,197,0.0,0.2,0.8,-2.526247187682597,5,208,0.0,0.6,0.4,28
6,0,0.0,0.8,0.2,0.3653201102058936,3,0,0.2,0.1,0.7,0
3,0,0.2,0.1,0.7,0.2269186711072908,2,12,0.3,0.4,0.3,1
2,12,0.3,0.4,0.3,0.26625703952490626,3,18,0.1,0.5,0.4,2
3,18,0.1,0.5,0.4,0.2770610094513083,6,21,0.2,0.4,0.4,3
6,21,0.2,0.4,0.4,0.2738985323731254,6,27,0.3,0.3,0.4,4
6,27,0.3,0.3,0.4,0.25253896112160434,4,29,0.0,1.0,0.0,5
4,29,0.0,1.0,0.0,0.4610648742590534,5,32,0.2,0.8,0.0,6
5,32,0.2,0.8,0.0,0.5386865531591504,6,31,0.1,0.5,0.4,7
6,31,0.1,0.5,0.4,-0.5310717052612656,0,33,0.5,0.4,0.1,8
0,33,0.5,0.4,0.1,0.4737505941362227,1,33,0.8,0.1,0.1,9
1,33,0.8,0.1,0.1,-0.6216624747043491,0,41,0.0,0.7,0.3,10
0,41,0.0,0.7,0.3,-0.5258633139434198,0,53,0.3,0.6,0.1,11
0,53,0.3,0.6,0.1,0.5166631753713943,3,60,0.2,0.6,0.2,12
3,60,0.2,0.6,0.2,0.540030685062239,3,69,0.5,0.4,0.1,13
3,69,0.5,0.4,0.1,0.5045879661893049,5,80,0.5,0.3,0.2,14
5,80,0.5,0.3,0.2,0.3696969902494566,5,84,0.0,0.6,0.4,15
5,84,0.0,0.6,0.4,-0.6957423424932672,0,90,0.2,0.4,0.4,16
0,90,0.2,0.4,0.4,0.2616299030490358,6,90,0.6,0.4,0.0,17
6,90,0.6,0.4,0.0,0.050275480147065454,3,102,0.2,0.1,0.7,18
3,102,0.2,0.1,0.7,-0.2160179894430821,3,107,0.0,0.7,0.3,19
3,107,0.0,0.7,0.3,-0.21865923394776599,7,115,0.1,0.2,0.7,20
7,115,0.1,0.2,0.7,-0.5440835447902592,7,124,0.0,0.4,0.6,21
7,124,0.0,0.4,0.6,-0.602852320512346,5,128,0.0,0.9,0.1,22
5,128,0.0,0.9,0.1,-0.4139473311294861,1,134,0.2,0.3,0.5,23
1,134,0.2,0.3,0.5,-0.6343626533903918,7,133,0.2,0.5,0.3,24
7,133,0.2,0.5,0.3,-0.7975818506962472,3,145,0.5,0.1,0.4,25
3,145,0.5,0.1,0.4,-0.8876845947616078,5,142,0.4,0.5,0.1,26
5,142,0.4,0.5,0.1,-1.9288473443297067,0,148,0.6,0.4,-0.0,27
0,148,0.6,0.4,-0.0,-1.0360876969587638,5,153,0.2,0.5,0.3,28
0,0,0.0,0.9,0.1,0.25015933948361235,0,0,0.6,0.2,0.2,0
0,0,0.6,0.2,0.2,0.8625532670422816,3,12,0.7,0.2,0.1,1
3,12,0.7,0.2,0.1,0.8484532670422815,6,21,0.2,0.6,0.2,2
6,21,0.2,0.6,0.2,1.088671022723042,6,25,0.4,0.4,0.2,3
6,25,0.4,0.4,0.2,1.0016121448826616,5,26,0.0,0.2,0.8,4
5,26,0.0,0.2,0.8,0.8151532670422814,3,21,0.4,0.6,-0.0,5
3,21,0.4,0.6,-0.0,1.1564710227230421,3,24,0.3,0.1,0.6,6
3,24,0.3,0.1,0.6,0.7909238281220915,3,26,0.3,0.4,0.3,7
3,26,0.3,0.4,0.3,0.9847121448826617,5,33,0.1,0.9,0.0,8
5,33,0.1,0.9,0.0,1.4310593394836122,3,34,0.6,0.1,0.3,9
3,34,0.6,0.1,0.3,0.8866238281220914,3,33,0.3,0.2,0.5,10
3,33,0.3,0.2,0.5,0.8988532670422813,6,46,0.2,0.3,0.5,11
6,46,0.2,0.3,0.5,0.9463827059624714,1,52,0.2,0.3,0.5,12
1,52,0.2,0.3,0.5,0.9398827059624715,7,61,0.6,0.1,0.3,13
7,61,0.6,0.1,0.3,0.8151238281220913,3,65,0.1,0.8,0.1,14
3,65,0.1,0.8,0.1,1.307629900563422,6,66,0.2,0.7,0.1,15
6,66,0.2,0.7,0.1,1.3446004616432317,2,61,0.3,0.2,0.5,16
2,61,0.3,0.2,0.5,0.9708532670422811,7,54,0.6,0.0,0.4,17
7,54,0.6,0.0,0.4,0.810694389201901,6,57,0.1,0.3,0.6,18
6,57,0.1,0.3,0.6,0.9494827059624713,5,70,0.4,0.0,0.6,19
5,70,0.4,0.0,0.6,0.735894389201901,6,70,0.3,0.6,0.1,20
6,70,0.3,0.6,0.1,1.1465710227230412,3,78,0.2,-0.0,0.8,21
3,78,0.2,-0.0,0.8,0.7060943892019008,1,74,0.3,-0.0,0.7,22
1,74,0.3,-0.0,0.7,0.4859943892019008,3,89,0.9,0.1,-0.0,23
3,89,0.9,0.1,-0.0,0.4603238281220907,1,94,0.0,0.7,0.3,24
1,94,0.0,0.7,0.3,-0.47569953835676904,0,106,0.4,0.3,0.3,25
0,106,0.4,0.3,0.3,0.23568270596247087,7,111,0.1,0.8,0.1,26
7,111,0.1,0.8,0.1,-0.7333700994365788,0,128,0.5,0.3,0.2,27
0,128,0.5,0.3,0.2,0.23008270596247093,5,116,0.2,0.7,0.1,28
0,0,0.7,0.3,0.0,0.32694461475589265,7,0,0.6,0.4,0.0,0
7,0,0.6,0.4,0.0,0.34301727742942284,5,9,0.3,0.3,0.4,1
5,9,0.3,0.3,0.4,0.2938446147558927,2,7,0.7,0.2,0.1,2
2,7,0.7,0.2,0.1,0.29697195208236243,5,7,0.4,0.3,0.3,3
5,7,0.4,0.3,0.3,0.2712446147558927,7,22,0.4,0.1,0.5,4
7,22,0.4,0.1,0.5,-0.7872007105911677,0,29,0.1,0.6,0.3,5
0,29,0.1,0.6,0.3,0.2794626027764834,3,28,0.2,0.5,0.3,6
3,28,0.2,0.5,0.3,0.316389940102953,3,37,0.5,0.1,0.4,7
3,37,0.5,0.1,0.4,0.25569928940883224,4,42,0.1,0.2,0.7,8
4,42,0.1,0.2,0.7,0.2015719520823625,1,51,0.2,0.5,0.3,9
1,51,0.2,0.5,0.3,-0.7286100598970469,0,59,0.3,0.1,0.6,10
0,59,0.3,0.1,0.6,0.20289928940883237,7,71,0.5,0.3,0.2,11
7,71,0.5,0.3,0.2,-0.7708553852441073,0,75,0.2,0.6,0.2,12
0,75,0.2,0.6,0.2,-0.7186373972235167,0,77,0.1,0.2,0.7,13
0,77,0.1,0.2,0.7,0.0675719520823625,3,87,0.1,0.8,0.1,14
3,87,0.1,0.8,0.1,0.14140792812354375,7,92,0.3,0.5,0.2,15
7,92,0.3,0.5,0.2,0.013789940102953091,7,99,0.4,0.5,0.1,16
7,99,0.4,0.5,0.1,0.08118994010295305,6,98,0.2,0.4,0.4,17
6,98,0.2,0.4,0.4,0.13541727742942278,3,94,0.6,0.1,0.3,18
3,94,0.6,0.1,0.3,-0.04640071059116768,2,100,0.1,0.6,0.3,19
2,100,0.1,0.6,0.3,-0.1645373972235168,3,111,0.7,0.0,0.3,20
3,111,0.7,0.0,0.3,-0.363973373264698,2,115,0.2,0.0,0.8,21
2,115,0.2,0.0,0.8,-0.6834733732646979,6,126,0.4,0.5,0.1,22
6,126,0.4,0.5,0.1,-0.8088100598970469,7,138,0.5,0.4,0.1,23
7,138,0.5,0.4,0.1,-0.778882722570577,1,137,0.6,0.1,0.3,24
1,137,0.6,0.1,0.3,-0.9524007105911677,1,142,0.1,0.8,0.1,25
1,142,0.1,0.8,0.1,-1.0755920718764562,3,156,0.4,0.5,0.1,26
3,156,0.4,0.5,0.1,-1.1638100598970471,3,161,0.0,0.3,0.7,27
3,161,0.0,0.3,0.7,-1.3118553852441073,7,164,0.3,0.7,0.0,28
6,0,0.5,0.3,0.2,0.625988187628263,6,0,0.6,0.3,0.1,0
6,0,0.6,0.3,0.1,0.6293881876282631,2,11,0.0,0.5,0.5,1
2,11,0.0,0.5,0.5,0.6794863703403033,7,15,0.5,0.3,0.2,2
7,15,0.5,0.3,0.2,-0.3545118123717369,0,20,0.1,0.3,0.6,3
0,20,0.1,0.3,0.6,0.5993881876282631,6,30,0.1,0.3,0.6,4
6,30,0.1,0.3,0.6,-0.4071118123717369,0,34,0.6,0.1,0.3,5
0,34,0.6,0.1,0.3,0.5298900049162226,2,38,0.3,0.3,0.4,6
2,38,0.3,0.3,0.4,0.5606881876282631,7,48,0.2,0.5,0.3,7
7,48,0.2,0.5,0.3,-0.34571362965969654,0,55,0.5,0.3,0.2,8
0,55,0.5,0.3,0.2,-0.3935118123717368,0,59,0.8,-0.0,0.2,9
0,59,0.8,-0.0,0.2,0.4811909135602025,5,71,0.7,0.1,0.2,10
5,71,0.7,0.1,0.2,0.38279000491622267,4,84,0.7,0.1,0.2,11
4,84,0.7,0.1,0.2,0.17445752843458961,7,92,0.2,0.4,0.4,12
7,92,0.2,0.4,0.4,0.03778727898428347,7,101,0.2,0.7,0.1,13
7,101,0.2,0.7,0.1,0.12328455305234431,6,105,0.5,0.5,0.0,14
6,105,0.5,0.5,0.0,0.0714863703403037,3,108,0.4,0.2,0.4,15
3,108,0.4,0.2,0.4,-0.1384109037277571,1,112,0.0,0.5,0.5,16
1,112,0.0,0.5,0.5,-0.2905136296596965,2,124,0.4,0.6,-0.0,17
2,124,0.4,0.6,-0.0,-0.274414538303676,4,130,0.1,0.1,0.8,18
4,130,0.1,0.1,0.8,-0.5651099950837774,7,132,0.0,0.5,0.5,19
7,132,0.0,0.5,0.5,-0.6055136296596966,2,142,0.1,0.8,0.1,20
2,142,0.1,0.8,0.1,-0.4631163555916359,4,147,0.5,0.3,0.2,21
4,147,0.5,0.3,0.2,-0.9425118123717369,4,162,0.1,0.6,0.3,22
4,162,0.1,0.6,0.3,-0.9121145383036764,4,168,0.2,0.4,0.4,23
4,168,0.2,0.4,0.4,-2.140212721015717,0,176,0.1,0.7,0.2,24
0,176,0.1,0.7,0.2,-0.9756154469476561,3,179,0.1,0.1,0.8,25
3,179,0.1,0.1,0.8,-1.5691099950837777,2,191,0.8,-0.0,0.2,26
2,191,0.8,-0.0,0.2,-1.7988090864397979,2,201,0.2,0.2,0.6,27
2,201,0.2,0.2,0.6,-2.8542109037277577,0,204,0.4,0.0,0.6,28
2,0,0.1,0.5,0.4,0.07708549424819504,2,0,0.7,0.1,0.2,0
2,0,0.7,0.1,0.2,0.10726936244867637,4,7,0.8,0.2,0.0,1
4,7,0.8,0.2,0.0,0.08734839539855606,2,17,0.1,0.8,0.1,2
2,17,0.1,0.8,0.1,0.09712259309783407,4,22,0.1,0.6,0.3,3
4,22,0.1,0.6,0.3,0.16276452719807474,3,27,0.3,0.6,0.1,4
3,27,0.3,0.6,0.1,0.24656452719807476,3,34,0.3,0.5,0.2,5
3,34,0.3,0.5,0.2,0.276885494248195,5,41,0.1,0.1,0.8,6
5,41,0.1,0.1,0.8,0.17986936244867635,3,49,0.5,0.4,0.1,7
3,49,0.5,0.4,0.1,0.25200646129831533,1,58,0.1,0.5,0.4,8
1,58,0.1,0.5,0.4,0.25708549424819505,2,59,0.1,0.9,0.0,9
2,59,0.1,0.9,0.0,0.4573016260477137,7,72,0.3,0.6,0.1,10
7,72,0.3,0.6,0.1,0.4865645271980747,5,76,0.6,0.3,0.1,11
5,76,0.6,0.3,0.1,0.38322742834843565,1,83,0.7,0.2,0.1,12
1,83,0.7,0.2,0.1,0.047448395398556,1,98,0.1,0.6,0.3,13
1,98,0.1,0.6,0.3,-0.14923547280192528,7,112,0.2,0.4,0.4,14
7,112,0.2,0.4,0.4,-0.2726935387016847,2,117,0.1,0.4,0.5,15
2,117,0.1,0.4,0.5,-0.4485935387016848,6,126,0.3,0.3,0.4,16
6,126,0.3,0.3,0.4,-0.5809725716515644,4,132,0.1,0.5,0.4,17
4,132,0.1,0.5,0.4,-0.6529145057518051,5,139,0.0,0.5,0.5,18
5,139,0.0,0.5,0.5,-0.7053145057518051,4,143,0.2,0.3,0.5,19
4,143,0.2,0.3,0.5,-1.9523725716515643,0,153,0.1,0.6,0.3,20
0,153,0.1,0.6,0.3,-0.9892354728019253,2,162,0.4,0.3,0.3,21
2,162,0.4,0.3,0.3,-1.2870725716515645,6,173,0.1,0.9,-0.0,22
6,173,0.1,0.9,-0.0,-1.0761983739522865,4,179,0.2,0.5,0.3,23
4,179,0.2,0.5,0.3,-1.195514505751805,2,179,0.4,0.0,0.6,24
2,179,0.4,0.0,0.6,-1.6066096705012032,6,187,0.1,0.2,0.7,25
6,187,0.1,0.2,0.7,-1.8019516046014439,7,198,0.3,0.3,0.4,26
7,198,0.3,0.3,0.4,-1.8114725716515643,5,201,0.5,0.1,0.4,27
5,201,0.5,0.1,0.4,-3.103530637551324,0,211,0.6,0.3,0.1,28
7,0,0.4,0.6,0.0,0.6428389617761343,3,0,0.8,0.2,-0.0,0
3,0,0.8,0.2,-0.0,0.5088240379014805,5,13,0.3,0.4,0.3,1
5,13,0.3,0.4,0.3,0.5013175080433097,7,20,0.3,0.3,0.4,2
7,20,0.3,0.3,0.4,0.4447639968768548,4,22,0.1,0.5,0.4,3
4,22,0.1,0.5,0.4,-0.5166461665298115,0,24,0.4,0.5,0.1,4
0,24,0.4,0.5,0.1,0.5224398809033137,4,29,0.5,0.4,0.1,5
4,29,0.5,0.4,0.1,0.49517608216615683,3,36,0.7,0.2,0.1,6
3,36,0.7,0.2,0.1,0.42190056158189815,5,46,0.3,-0.0,0.7,7
5,46,0.3,-0.0,0.7,0.27710027107858665,2,49,0.7,0.2,0.1,8
2,49,0.7,0.2,0.1,0.3085219410420347,7,57,0.8,0.1,0.1,9
7,57,0.8,0.1,0.1,0.2583094250796498,6,66,0.6,0.1,0.3,10
6,66,0.6,0.1,0.3,0.2021456286489722,7,69,0.3,0.5,0.2,11
7,69,0.3,0.5,0.2,-0.7752377791150379,0,73,0.2,0.5,0.3,12
0,73,0.2,0.5,0.3,0.2523622208849622,2,80,0.3,0.4,0.3,13
2,80,0.3,0.4,0.3,0.047558072825964665,1,91,0.1,-0.0,0.9,14
1,91,0.1,-0.0,0.9,-0.22105851941002524,4,99,0.8,0.0,0.2,15
4,99,0.8,0.0,0.2,-0.36175851941002524,1,107,0.2,0.3,0.5,16
1,107,0.2,0.3,0.5,-0.6085460752330328,1,116,0.4,0.5,0.1,17
1,116,0.4,0.5,0.1,-0.7528377791150379,5,126,0.2,0.0,0.8,18
5,126,0.2,0.0,0.8,-1.0311585194100255,3,136,0.3,0.6,0.1,19
3,136,0.3,0.6,0.1,-1.2570336310560404,6,150,0.0,0.3,0.7,20
6,150,0.0,0.3,0.7,-1.415346075233033,4,156,0.3,0.4,0.3,21
4,156,0.3,0.4,0.3,-1.5314419271740354,1,164,0.2,0.7,0.1,22
1,164,0.2,0.7,0.1,-1.584229482997043,6,171,0.4,0.5,0.1,23
6,171,0.4,0.5,0.1,-1.6969797316929154,1,178,0.8,0.2,0.0,24
1,178,0.8,0.2,0.0,-2.7958782796393504,0,182,0.5,0.4,0.1,25
0,182,0.5,0.4,0.1,-2.078592089274567,1,196,0.1,-0.0,0.9,26
1,196,0.1,-0.0,0.9,-2.373880063767548,3,205,0.0,0.5,0.5,27
3,205,0.0,0.5,0.5,-2.5991700956513215,5,218,0.1,0.7,0.2,28
2,0,0.1,0.9,0.0,0.009343918999165313,0,0,0.1,0.2,0.7,0
0,0,0.1,0.2,0.7,0.6186270893817511,7,9,0.1,0.6,0.3,1
7,9,0.1,0.6,0.3,0.808490461592939,1,13,0.1,0.8,0.1,2
1,13,0.1,0.8,0.1,0.983813589872157,7,8,0.4,0.3,0.3,3
7,8,0.4,0.3,0.3,-0.286240557395977,0,16,0.4,0.1,0.5,4
0,16,0.4,0.1,0.5,0.5580736538911416,6,14,0.2,0.2,0.6,5
6,14,0.2,0.2,0.6,0.5248777349687486,6,24,0.1,0.4,0.5,6
6,24,0.1,0.4,0.5,0.5656928751968714,1,30,0.3,0.4,0.3,7
1,30,0.3,0.4,0.3,-0.43124551281664336,0,29,0.5,0.5,-0.0,8
0,29,0.5,0.5,-0.0,0.6245992309836709,6,32,0.0,0.8,0.2,9
6,32,0.0,0.8,0.2,-0.16704496764227927,0,42,0.1,0.2,0.7,10
0,42,0.1,0.2,0.7,0.5029170652883546,1,38,0.1,0.1,0.8,11
1,38,0.1,0.1,0.8,0.40077382584276794,7,49,0.6,0.3,0.1,12
7,49,0.6,0.3,0.1,0.47385827388887125,6,59,0.2,0.5,0.3,13
6,59,0.2,0.5,0.3,0.493040481728914,2,62,0.9,0.0,0.1,14
2,62,0.9,0.0,0.1,0.37136794965262504,4,59,0.5,0.3,0.2,15
4,59,0.5,0.3,0.2,-0.6370467146672054,0,67,0.3,0.4,0.3,16
0,67,0.3,0.4,0.3,0.3544691325609686,6,76,0.5,0.2,0.3,17
6,76,0.5,0.2,0.3,0.24293420809472993,3,83,0.2,0.7,0.1,18
3,83,0.2,0.7,0.1,0.12805160208490513,3,94,0.6,0.4,0.0,19
3,94,0.6,0.4,0.0,0.11030432671639573,2,94,0.6,0.1,0.3,20
2,94,0.6,0.1,0.3,-0.11135342799743819,4,100,0.4,0.0,0.6,21
4,100,0.4,0.0,0.6,-1.4218223453201992,0,111,0.8,0.1,0.1,22
0,111,0.8,0.1,0.1,-0.5614790582249619,6,118,0.1,0.4,0.5,23
6,118,0.1,0.4,0.5,-0.8196375209000939,4,128,0.4,0.5,0.1,24
4,128,0.4,0.5,0.1,-0.8212171263267194,2,131,0.3,0.2,0.5,25
2,131,0.3,0.2,0.5,-0.9350396947217451,4,134,0.0,1.0,-0.0,26
4,134,0.0,1.0,-0.0,-0.8536954505140371,5,138,0.1,0.4,0.5,27
5,138,0.1,0.4,0.5,-0.9278611268843923,5,139,0.2,0.5,0.3,28
4,0,0.2,0.7,0.1,1.3884411396467686,2,0,0.2,0.3,0.5,0
2,0,0.2,0.3,0.5,1.0839079303181172,1,11,0.0,0.4,0.6,1
1,11,0.0,0.4,0.6,1.1521162326502798,6,11,0.1,0.5,0.4,2
6,11,0.1,0.5,0.4,1.274524534982443,1,17,0.4,0.0,0.6,3
1,17,0.4,0.0,0.6,0.8666830233216286,3,15,0.1,0.4,0.5,4
3,15,0.1,0.4,0.5,1.14101623265028,4,23,0.0,0.5,0.5,5
4,23,0.0,0.5,0.5,0.2421245349824428,0,30,0.4,0.5,0.1,6
0,30,0.4,0.5,0.1,1.319224534982443,5,33,0.8,0.2,-0.0,7
5,33,0.8,0.2,-0.0,1.0992996279859544,7,39,0.4,0.3,0.3,8
7,39,0.4,0.3,0.3,1.1297079303181172,4,44,0.4,0.4,0.2,9
4,44,0.4,0.4,0.2,1.21971623265028,4,44,0.3,0.2,0.5,10
4,44,0.3,0.2,0.5,1.0317996279859543,6,45,0.2,0.4,0.4,11
6,45,0.2,0.4,0.4,1.18591623265028,4,49,0.3,0.2,0.5,12
4,49,0.3,0.2,0.5,1.0197996279859542,5,52,0.7,0.2,0.1,13
5,52,0.7,0.2,0.1,1.0353996279859543,4,60,0.5,0.1,0.4,14
4,60,0.5,0.1,0.4,0.9050913256537916,3,64,0.1,0.5,0.4,15
3,64,0.1,0.5,0.4,1.1770245349824429,4,72,0.3,0.2,0.5,16
4,72,0.3,0.2,0.5,0.9597996279859542,3,76,0.4,0.4,0.2,17
3,76,0.4,0.4,0.2,1.1217162326502799,3,77,0.6,0.2,0.2,18
3,77,0.6,0.2,0.2,0.9174996279859542,2,83,0.2,0.3,0.5,19
2,83,0.2,0.3,0.5,0.8594079303181171,6,87,0.1,0.3,0.6,20
6,87,0.1,0.3,0.6,0.7030079303181173,2,94,0.5,0.2,0.3,21
2,94,0.5,0.2,0.3,0.4715996279859542,1,103,0.3,0.6,0.1,22
1,103,0.3,0.6,0.1,0.6158328373146059,3,111,0.6,0.2,0.2,23
3,111,0.6,0.2,0.2,0.2854996279859542,1,114,0.4,0.3,0.3,24
1,114,0.4,0.3,0.3,0.10620793031811726,6,125,0.3,0.6,0.1,25
6,125,0.3,0.6,0.1,-0.7401671626853943,0,130,0.7,0.0,0.3,26
0,130,0.7,0.0,0.3,-0.09361697667837166,7,126,0.9,0.1,0.0,27
7,126,0.9,0.1,0.0,-0.1468086743462087,5,131,0.8,0.1,0.1,28
2,0,0.0,0.2,0.8,0.12712278920056228,4,0,0.0,0.5,0.5,0
4,0,0.0,0.5,0.5,0.1709034865007028,4,9,0.2,0.6,0.2,1
4,9,0.2,0.6,0.2,0.2592970522674164,5,9,0.3,0.6,0.1,2
5,9,0.3,0.6,0.1,0.33319705226741636,4,7,0.6,0.3,0.1,3
4,7,0.6,0.3,0.1,0.3186163549672758,4,14,0.1,0.6,0.3,4
4,14,0.1,0.6,0.3,0.3693970522674163,2,15,0.2,0.1,0.7,5
2,15,0.2,0.1,0.7,0.26032922343384884,6,11,0.1,0.2,0.7,6
6,11,0.1,0.2,0.7,0.23902278920056233,4,20,0.3,0.4,0.3,7
4,20,0.3,0.4,0.3,0.2940099207339893,2,24,0.1,0.6,0.3,8
2,24,0.1,0.6,0.3,0.3613970522674163,3,29,0.3,0.1,0.6,9
3,29,0.3,0.1,0.6,0.26472922343384886,3,33,0.2,0.1,0.7,10
3,33,0.2,0.1,0.7,0.21632922343384886,1,45,0.3,0.3,0.4,11
1,45,0.3,0.3,0.4,0.2369163549672758,5,51,0.5,0.4,0.1,12
5,51,0.5,0.4,0.1,0.27880992073398936,6,57,0.5,0.2,0.3,13
6,57,0.5,0.2,0.3,0.23662278920056232,5,56,0.4,0.6,0.0,14
5,56,0.4,0.6,0.0,0.31909705226741647,3,58,0.0,0.9,0.1,15
3,58,0.0,0.9,0.1,0.4742777495675571,3,57,0.8,0.1,0.1,16
3,57,0.8,0.1,0.1,0.35822922343384883,2,54,0.2,0.2,0.6,17
2,54,0.2,0.2,0.6,0.29092278920056247,7,62,0.6,0.1,0.3,18
7,62,0.6,0.1,0.3,-0.7220707765661512,0,64,0.6,0.0,0.4,19
0,64,0.6,0.0,0.4,0.21733565766713536,4,70,0.8,0.2,-0.0,20
4,70,0.8,0.2,-0.0,0.16432278920056248,4,83,0.1,0.4,0.5,21
4,83,0.1,0.4,0.5,-1.0637900792660107,0,92,0.4,0.3,0.3,22
0,92,0.4,0.3,0.3,0.03481635496727595,1,88,0.5,0.3,0.2,23
1,88,0.5,0.3,0.2,-0.14178364503272406,5,97,0.6,0.4,0.0,24
5,97,0.6,0.4,0.0,-0.3342900792660105,1,108,0.7,0.3,0.0,25
1,108,0.7,0.3,0.0,-0.33548364503272415,7,108,0.7,0.1,0.2,26
7,108,0.7,0.1,0.2,-0.5621707765661512,6,117,0.6,0.2,0.2,27
6,117,0.6,0.2,0.2,-0.7473097001927479,7,123,0.6,0.3,0.1,28
1,0,0.1,0.2,0.7,0.9589856679613582,7,0,0.2,0.3,0.5,0
7,0,0.2,0.3,0.5,1.0329761402914714,4,6,0.0,1.0,-0.0,1
4,6,0.0,1.0,-0.0,1.7038094466022637,6,12,0.6,0.1,0.3,2
6,12,0.6,0.1,0.3,1.003895195631245,5,8,0.4,0.2,0.4,3
5,8,0.4,0.2,0.4,1.036685667961358,2,18,0.3,0.6,0.1,4
2,18,0.3,0.6,0.1,1.3891475572818108,3,24,0.5,0.1,0.4,5
3,24,0.5,0.1,0.4,0.977495195631245,4,30,0.7,0.2,0.1,6
4,30,0.7,0.2,0.1,1.0483856679613581,2,40,0.3,0.3,0.4,7
2,40,0.3,0.3,0.4,1.0753761402914712,2,46,0.6,0.2,0.2,8
2,46,0.6,0.2,0.2,1.008485667961358,6,55,0.0,0.5,0.5,9
6,55,0.0,0.5,0.5,1.1983570849516976,3,63,0.7,0.2,0.1,10
3,63,0.7,0.2,0.1,1.024385667961358,1,69,0.6,0.2,0.2,11
1,69,0.6,0.2,0.2,0.990485667961358,6,75,0.3,0.4,0.3,12
6,75,0.3,0.4,0.3,1.0529666126215842,1,83,0.4,0.4,0.2,13
1,83,0.4,0.4,0.2,-0.08313338737841572,0,91,0.1,0.7,0.2,14
0,91,0.1,0.7,0.2,0.993938029611924,7,101,0.4,-0.0,0.6,15
7,101,0.4,-0.0,0.6,0.17750472330113165,6,114,0.1,0.3,0.6,16
6,114,0.1,0.3,0.6,0.17607614029147112,4,123,0.2,0.8,0.0,17
4,123,0.2,0.8,0.0,0.5874285019420373,5,127,0.1,0.3,0.6,18
5,127,0.1,0.3,0.6,0.14057614029147114,6,129,0.2,0.1,0.7,19
6,129,0.2,0.1,0.7,-1.1232048043687552,0,133,0.6,0.3,0.1,20
0,133,0.6,0.3,0.1,-0.08192385970852878,4,140,0.1,0.5,0.4,21
4,140,0.1,0.5,0.4,-0.20674291504830267,4,153,0.6,0.2,0.2,22
4,153,0.6,0.2,0.2,-0.48951433203864214,2,157,0.6,0.1,0.3,23
2,157,0.6,0.1,0.3,-0.742104804368755,2,164,0.9,0.0,0.1,24
2,164,0.9,0.0,0.1,-1.0329952766988684,4,174,0.2,0.8,0.0,25
4,174,0.2,0.8,0.0,-1.6715714980579635,0,185,0.3,0.1,0.6,26
0,185,0.3,0.1,0.6,-1.2283048043687554,1,186,0.8,0.1,0.1,27
1,186,0.8,0.1,0.1,-1.4173048043687553,5,196,0.1,0.1,0.8,28
1,0,0.5,-0.0,0.5,0.8530909395371895,7,0,0.2,0.8,-0.0,0
7,0,0.2,0.8,-0.0,0.5106636911669409,0,16,0.1,0.3,0.6,1
0,16,0.1,0.3,0.6,1.108468221398346,7,10,0.5,0.1,0.4,2
7,10,0.5,0.1,0.4,0.9562500334909083,3,11,0.2,0.0,0.8,3
3,11,0.2,0.0,0.8,0.8033909395371893,5,25,0.7,0.0,0.3,4
5,25,0.7,0.0,0.3,0.8028909395371893,6,34,0.2,0.4,0.4,5
6,34,0.2,0.4,0.4,1.020027315352065,2,39,0.7,0.2,0.1,6
2,39,0.7,0.2,0.1,0.917209127444627,2,46,0.1,0.3,0.6,7
2,46,0.1,0.3,0.6,0.913468221398346,3,55,0.7,0.3,0.0,8
3,55,0.7,0.3,0.0,0.9663682213983459,3,67,0.7,0.2,0.1,9
3,67,0.7,0.2,0.1,0.8769232462392684,3,80,0.1,0.6,0.3,10
3,80,0.1,0.6,0.3,1.0024455032595028,7,86,0.6,0.1,0.3,11
7,86,0.6,0.1,0.3,0.6576500334909082,5,88,0.1,0.1,0.8,12
5,88,0.1,0.1,0.8,0.46965003349090817,3,93,0.2,0.4,0.4,13
3,93,0.2,0.4,0.4,0.48202731535206483,3,102,0.5,0.3,0.2,14
3,102,0.5,0.3,0.2,0.42806822139834594,5,103,0.4,-0.0,0.6,15
5,103,0.4,-0.0,0.6,-1.041809060462811,0,113,0.1,0.1,0.8,16
0,113,0.1,0.1,0.8,-1.2183499665090918,0,123,0.5,0.0,0.5,17
0,123,0.5,0.0,0.5,-0.466909060462811,5,130,0.9,0.0,0.1,18
5,130,0.9,0.0,0.1,-0.6573090604628109,6,137,0.2,0.2,0.6,19
6,137,0.2,0.2,0.6,-0.8642908725553731,1,151,0.1,0.3,0.6,20
1,151,0.1,0.3,0.6,-1.9245317786016543,0,155,0.2,0.5,0.3,21
0,155,0.2,0.5,0.3,-1.0258135906942165,3,166,0.9,0.1,0.0,22
3,166,0.9,0.1,0.0,-1.4176499665090918,6,178,0.2,0.7,0.1,23
6,178,0.2,0.7,0.1,-1.2754954027867786,5,184,0.3,0.7,0.0,24
5,184,0.3,0.7,0.0,-1.1920954027867787,4,185,0.1,0.2,0.7,25
4,185,0.1,0.2,0.7,-1.5441908725553735,4,189,0.4,0.2,0.4,26
4,189,0.4,0.2,0.4,-1.7784908725553732,5,201,0.2,0.4,0.4,27
5,201,0.2,0.4,0.4,-1.8409726846479355,6,208,0.5,0.3,0.2,28
2,0,0.2,0.5,0.3,1.408668852032115,1,0,0.0,0.2,0.8,0
1,0,0.0,0.2,0.8,1.1074950816256919,4,7,0.1,0.4,0.5,1
4,7,0.1,0.4,0.5,1.2989775952299738,4,18,0.5,0.3,0.2,2
4,18,0.5,0.3,0.2,1.247286338427833,6,22,0.4,0.3,0.3,3
6,22,0.4,0.3,0.3,1.230886338427833,2,34,0.2,0.7,0.1,4
2,34,0.2,0.7,0.1,1.6397513656363967,6,39,0.2,0.1,0.7,5
6,39,0.2,0.1,0.7,1.0655038248235509,6,42,0.4,0.4,0.2,6
6,42,0.4,0.4,0.2,1.3566775952299737,3,51,0.5,0.0,0.5,7
3,51,0.5,0.0,0.5,-0.030587431978590374,0,57,0.8,0.2,-0.0,8
0,57,0.8,0.2,-0.0,1.1386950816256918,6,65,0.2,0.5,0.3,9
6,65,0.2,0.5,0.3,1.3561688520321145,4,71,0.5,0.2,0.3,10
4,71,0.5,0.2,0.3,1.1149950816256917,7,78,0.0,0.3,0.7,11
7,78,0.0,0.3,0.7,0.019286338427832672,0,86,0.1,0.3,0.6,12
0,86,0.1,0.3,0.6,0.8226863384278325,4,96,0.4,0.3,0.3,13
4,96,0.4,0.3,0.3,0.6458863384278326,3,106,0.3,0.1,0.6,14
3,106,0.3,0.1,0.6,0.2799038248235507,7,114,0.5,0.4,0.1,15
7,114,0.5,0.4,0.1,0.4195775952299734,4,120,0.3,0.5,0.2,16
4,120,0.3,0.5,0.2,0.37356885203211454,1,127,0.4,0.5,0.1,17
1,127,0.4,0.5,0.1,-0.6990311479678855,0,133,0.1,0.8,0.1,18
0,133,0.1,0.8,0.1,-0.4988573775614624,0,140,0.4,0.5,0.1,19
0,140,0.4,0.5,0.1,0.11010000000000009,5,149,0.5,0.1,0.4,20
5,149,0.5,0.1,0.4,-0.45809999999999995,2,158,0.8,0.0,0.2,21
2,158,0.8,0.0,0.2,-0.8048000000000002,4,170,0.1,0.0,0.9,22
4,170,0.1,0.0,0.9,-1.0641,6,177,0.2,0.4,0.4,23
6,177,0.2,0.4,0.4,-0.9746000000000004,6,189,0.3,0.4,0.3,24
6,189,0.3,0.4,0.3,-2.0907,0,196,0.4,0.2,0.4,25
0,196,0.4,0.2,0.4,-1.3816000000000002,3,202,0.4,0.5,0.1,26
3,202,0.4,0.5,0.1,-2.2949,0,211,0.0,0.9,0.1,27
0,211,0.0,0.9,0.1,-0.9774000000000007,3,217,0.1,0.3,0.6,28
5,0,0.6,0.3,0.1,0.7133083344514155,2,0,0.2,0.2,0.6,0
2,0,0.2,0.2,0.6,0.5759789428577342,7,12,0.6,0.1,0.3,1
7,12,0.6,0.1,0.3,0.5138036825063723,6,18,0.8,0.2,-0.0,2
6,18,0.8,0.2,-0.0,0.5179350017387135,4,19,0.4,0.1,0.5,3
4,19,0.4,0.1,0.5,0.41914592313702437,3,27,0.5,0.1,0.4,4
3,27,0.5,0.1,0.4,0.3905459231370244,2,34,0.1,0.2,0.7,5
2,34,0.1,0.2,0.7,0.3486773706949358,7,40,0.4,0.1,0.5,6
7,40,0.4,0.1,0.5,0.32014592313702445,5,50,0.2,0.3,0.5,7
5,50,0.2,0.3,0.5,0.3263088182528471,6,57,0.2,0.5,0.3,8
6,57,0.2,0.5,0.3,-0.6047282866313303,0,62,0.4,0.0,0.6,9
0,62,0.4,0.0,0.6,0.2739144755791132,4,59,0.4,0.1,0.5,10
4,59,0.4,0.1,0.5,0.24864592313702447,6,66,0.7,0.2,0.1,11
6,66,0.7,0.2,0.1,-0.7359226293050642,0,70,0.1,0.1,0.8,12
0,70,0.1,0.1,0.8,0.1584459231370245,6,76,0.1,0.5,0.4,13
6,76,0.1,0.5,0.4,0.052871713368669665,4,88,0.1,-0.0,0.9,14
4,88,0.1,-0.0,0.9,0.08921447557911313,2,82,0.6,0.0,0.4,15
2,82,0.6,0.0,0.4,-0.05128552442088691,6,89,0.0,0.2,0.8,16
6,89,0.0,0.2,0.8,-1.3412226293050642,0,99,0.6,0.4,-0.0,17
0,99,0.6,0.4,-0.0,-0.33835973418924165,7,102,0.1,0.3,0.6,18
7,102,0.1,0.3,0.6,-0.5900911817471529,1,112,0.0,0.3,0.7,19
1,112,0.0,0.3,0.7,-0.6464911817471529,1,114,0.2,0.6,0.2,20
1,114,0.2,0.6,0.2,-0.758496839073419,6,123,0.4,0.4,0.2,21
6,123,0.4,0.4,0.2,-0.9421597341892418,1,134,0.0,0.7,0.3,22
1,134,0.0,0.7,0.3,-0.8890653915155078,7,134,0.2,0.4,0.4,23
7,134,0.2,0.4,0.4,-1.0309597341892416,6,142,0.4,0.5,0.1,24
6,142,0.4,0.5,0.1,-0.8674282866313302,4,137,0.1,0.5,0.4,25
4,137,0.1,0.5,0.4,-0.7996282866313305,2,134,0.2,0.5,0.3,26
2,134,0.2,0.5,0.3,-1.9181698175664237,0,141,0.4,0.1,0.5,27
0,141,0.4,0.1,0.5,-1.137480570182829,7,148,0.1,0.2,0.7,28
5,0,0.8,0.2,-0.0,1.1909066704136984,1,0,0.6,0.2,0.2,0
1,0,0.6,0.2,0.2,1.1471066704136983,3,14,0.3,0.6,0.1,1
3,14,0.3,0.6,0.1,1.5099755605515977,6,17,0.7,0.0,0.3,2
6,17,0.7,0.0,0.3,0.9827222253447485,5,18,0.5,0.5,0.0,3
5,18,0.5,0.5,0.0,1.4061333380171228,3,25,0.2,0.1,0.7,4
3,25,0.2,0.1,0.7,0.003364447879223187,0,31,0.3,0.2,0.5,5
0,31,0.3,0.2,0.5,1.069406670413698,1,36,0.2,0.6,0.2,6
1,36,0.2,0.6,0.2,1.4360755605515976,4,42,0.3,0.6,0.1,7
4,42,0.3,0.6,0.1,1.5099755605515977,4,55,0.2,0.6,0.2,8
4,55,0.2,0.6,0.2,1.5602,6,67,0.1,0.7,0.2,9
6,67,0.1,0.7,0.2,1.6401999999999999,6,71,0.5,0.5,-0.0,10
6,71,0.5,0.5,-0.0,1.5,5,74,0.6,0.0,0.4,11
5,74,0.6,0.0,0.4,1.0104,3,79,0.2,0.6,0.2,12
3,79,0.2,0.6,0.2,1.3442,7,90,0.4,0.5,0.1,13
7,90,0.4,0.5,0.1,1.1501,4,97,0.2,0.3,0.5,14
4,97,0.2,0.3,0.5,0.8240000000000001,5,103,0.3,0.7,0.0,15
5,103,0.3,0.7,0.0,1.06,3,110,0.2,0.3,0.5,16
3,110,0.2,0.3,0.5,0.624,2,113,0.1,0.9,0.0,17
2,113,0.1,0.9,0.0,0.9999999999999999,7,121,0.0,0.8,0.2,18
7,121,0.0,0.8,0.2,0.7602,4,128,0.4,0.4,0.2,19
4,128,0.4,0.4,0.2,0.48019999999999985,4,126,0.3,0.6,0.1,20
4,126,0.3,0.6,0.1,0.5901000000000001,4,129,0.9,0.1,0.0,21
4,129,0.9,0.1,0.0,-0.01849999999999974,6,138,0.4,0.4,0.2,22
6,138,0.4,0.4,0.2,0.08519999999999972,4,144,0.2,0.1,0.7,23
4,144,0.2,0.1,0.7,-0.4153000000000002,7,153,0.6,0.4,0.0,24
7,153,0.6,0.4,0.0,-0.25000000000000044,6,160,0.4,0.3,0.3,25
6,160,0.4,0.3,0.3,-0.5012000000000001,5,167,0.3,0.1,0.6,26
5,167,0.3,0.1,0.6,-0.8584,5,174,0.6,0.1,0.3,27
5,174,0.6,0.1,0.3,-1.0672000000000004,1,184,0.3,0.7,0.0,28
6,0,0.1,0.3,0.6,-0.9753013922214222,0,0,0.3,0.4,0.3,0
0,0,0.3,0.4,0.3,0.05179080837692992,2,12,0.0,0.2,0.8,1
2,12,0.0,0.2,0.8,0.009506407180225634,3,14,0.8,0.2,0.0,2
3,14,0.8,0.2,0.0,0.06470640718022568,4,23,0.2,0.7,0.1,3
4,23,0.2,0.7,0.1,0.05026741017198634,1,33,0.8,0.1,0.1,4
1,33,0.8,0.1,0.1,0.09641420658187343,4,37,0.5,0.2,0.3,5
4,37,0.5,0.2,0.3,0.035006407180225664,3,43,0.2,0.6,0.2,6
3,43,0.2,0.6,0.2,0.0304752095736341,4,49,0.2,0.8,-0.0,7
4,49,0.2,0.8,-0.0,-0.8549403892296616,0,55,0.2,0.4,0.4,8
0,55,0.2,0.4,0.4,0.15389080837692992,3,55,0.7,0.1,0.2,9
3,55,0.7,0.1,0.2,0.15801420658187346,5,64,0.4,0.5,0.1,10
5,64,0.4,0.5,0.1,0.16098300897528206,3,73,0.2,0.7,0.1,11
3,73,0.2,0.7,0.1,0.2172674101719864,2,81,0.3,0.4,0.3,12
2,81,0.3,0.4,0.3,0.0007908083769299079,2,92,0.1,0.3,0.6,13
2,92,0.1,0.3,0.6,-0.11330139222142224,1,96,0.8,0.2,-0.0,14
1,96,0.8,0.2,-0.0,-0.25529359281977426,4,105,0.5,0.3,0.2,15
4,105,0.5,0.3,0.2,-0.46620139222142226,1,114,0.0,0.2,0.8,16
1,114,0.0,0.2,0.8,-0.6244935928197743,4,118,0.3,0.5,0.2,17
4,118,0.3,0.5,0.2,-0.6489169910247179,2,123,0.5,0.2,0.3,18
2,123,0.5,0.2,0.3,-0.7089935928197744,2,125,0.7,0.1,0.2,19
2,125,0.7,0.1,0.2,-0.8909857934181267,3,133,0.7,0.3,0.0,20
3,133,0.7,0.3,0.0,-1.0962103267506127,1,142,0.2,0.5,0.3,21
1,142,0.2,0.5,0.3,-1.251316991024718,3,150,0.7,0.0,0.3,22
3,150,0.7,0.0,0.3,-1.4407779940164787,5,157,0.2,0.1,0.7,23
5,157,0.2,0.1,0.7,-1.7419857934181264,4,169,0.4,0.1,0.5,24
4,169,0.4,0.1,0.5,-1.9795,7,179,0.9,0.0,0.1,25
7,179,0.9,0.0,0.1,-2.1399,7,187,0.8,0.2,-0.0,26
7,187,0.8,0.2,-0.0,-2.32,3,196,0.6,0.4,-0.0,27
3,196,0.6,0.4,-0.0,-2.386,6,200,0.0,0.5,0.5,28
0,0,0.6,0.0,0.4,0.9675081576457782,3,0,0.7,0.1,0.2,0
3,0,0.7,0.1,0.2,0.019518973410356244,0,9,0.8,0.1,0.1,1
0,9,0.8,0.1,0.1,0.9909189734103563,7,14,0.3,0.7,0.0,2
7,14,0.3,0.7,0.0,1.476583867997823,2,25,0.2,0.6,0.2,3
2,25,0.2,0.6,0.2,0.45157305223324506,0,19,0.8,0.2,-0.0,4
0,19,0.8,0.2,-0.0,1.1545297891749338,5,28,0.5,0.5,-0.0,5
5,28,0.5,0.5,-0.0,1.4056622364686673,2,34,0.2,0.7,0.1,6
2,34,0.2,0.7,0.1,1.6366838679978226,7,39,0.0,0.8,0.2,7
7,39,0.0,0.8,0.2,1.7202,2,41,0.8,0.1,0.1,8
2,41,0.8,0.1,0.1,1.1316000000000002,5,32,0.7,0.0,0.3,9
5,32,0.7,0.0,0.3,0.9852999999999998,3,45,0.3,0.5,0.2,10
3,45,0.3,0.5,0.2,1.3901999999999999,5,50,0.3,0.3,0.4,11
5,50,0.3,0.3,0.4,1.2159,6,51,0.2,0.2,0.6,12
6,51,0.2,0.2,0.6,0.0985999999999998,0,59,0.0,0.5,0.5,13
0,59,0.0,0.5,0.5,1.3604999999999998,6,66,0.6,0.0,0.4,14
6,66,0.6,0.0,0.4,0.9503999999999999,3,77,0.2,0.7,0.1,15
3,77,0.2,0.7,0.1,1.4765999999999995,6,84,0.6,0.4,-0.0,16
6,84,0.6,0.4,-0.0,1.1169999999999998,4,92,0.8,0.1,0.1,17
4,92,0.8,0.1,0.1,0.8420999999999998,2,92,0.2,0.4,0.4,18
2,92,0.2,0.4,0.4,0.8223999999999996,4,103,0.3,-0.0,0.7,19
4,103,0.3,-0.0,0.7,0.31069999999999987,4,110,0.1,0.5,0.4,20
4,110,0.1,0.5,0.4,-0.5821000000000004,0,125,0.8,0.1,0.1,21
0,125,0.8,0.1,0.1,0.027099999999999902,1,130,0.0,0.1,0.9,22
1,130,0.0,0.1,0.9,-0.23060000000000014,1,137,0.3,0.2,0.5,23
1,137,0.3,0.2,0.5,-0.31150000000000044,6,145,0.1,0.4,0.5,24
6,145,0.1,0.4,0.5,-0.31450000000000045,2,152,0.1,0.7,0.2,25
2,152,0.1,0.7,0.2,-0.1238000000000008,3,158,0.5,0.1,0.4,26
3,158,0.5,0.1,0.4,-0.6501000000000006,1,161,0.7,0.3,0.0,27
1,161,0.7,0.3,0.0,-0.7280000000000004,7,173,0.2,0.1,0.7,28
6,0,0.0,0.3,0.7,-0.019614397615207495,5,0,0.7,-0.0,0.3,0
5,0,0.7,-0.0,0.3,0.0703,3,10,0.1,0.5,0.4,1
3,10,0.1,0.5,0.4,-0.0020999999999999734,7,18,0.3,0.7,-0.0,2
7,18,0.3,0.7,-0.0,0.09600000000000003,6,21,0.7,0.1,0.2,3
6,21,0.7,0.1,0.2,0.10969999999999999,5,27,0.1,0.6,0.3,4
5,27,0.1,0.6,0.3,0.08629999999999999,1,31,0.2,0.6,0.2,5
1,31,0.2,0.6,0.2,0.1602,1,34,0.9,0.1,-0.0,6
1,34,0.9,0.1,-0.0,0.179,1,43,0.6,0.2,0.2,7
1,43,0.6,0.2,0.2,0.12419999999999994,1,52,0.2,0.6,0.2,8
1,52,0.2,0.6,0.2,0.13619999999999996,5,62,0.5,0.1,0.4,9
5,62,0.5,0.1,0.4,0.1228999999999999,2,73,0.4,0.3,0.3,10
2,73,0.4,0.3,0.3,0.10129999999999992,5,77,0.6,0.3,0.1,11
5,77,0.6,0.3,0.1,-0.025400000000000117,7,87,0.4,0.6,-0.0,12
7,87,0.4,0.6,-0.0,-0.13200000000000014,1,94,0.5,0.1,0.4,13
1,94,0.5,0.1,0.4,-1.2626,0,99,0.0,0.0,1.0,14
0,99,0.0,0.0,1.0,-0.5190000000000001,7,107,0.3,0.1,0.6,15
7,107,0.3,0.1,0.6,-0.6794,6,115,0.5,0.2,0.3,16
6,115,0.5,0.2,0.3,-0.7697,3,120,0.2,0.5,0.3,17
3,120,0.2,0.5,0.3,-0.9122,3,126,0.2,0.7,0.1,18
3,126,0.2,0.7,0.1,-1.0938999999999999,4,139,0.8,0.1,0.1,19
4,139,0.8,0.1,0.1,-1.2404000000000002,4,148,0.0,0.9,0.1,20
4,148,0.0,0.9,0.1,-1.4429,3,160,0.0,0.3,0.7,21
3,160,0.0,0.3,0.7,-1.6068,3,167,0.4,0.6,0.0,22
3,167,0.4,0.6,0.0,-1.576,5,171,0.0,0.5,0.5,23
5,171,0.0,0.5,0.5,-1.7245,1,178,0.4,0.4,0.2,24
1,178,0.4,0.4,0.2,-2.8198,0,185,0.6,0.1,0.3,25
0,185,0.6,0.1,0.3,-2.0482,6,194,0.0,0.6,0.4,26
6,194,0.0,0.6,0.4,-2.1516,5,201,0.7,0.1,0.2,27
5,201,0.7,0.1,0.2,-2.2528,6,205,0.0,0.1,0.9,28
5,0,0.0,0.5,0.5,0.7411606573063849,1,0,0.1,0.5,0.4,0
1,0,0.1,0.5,0.4,0.788560657306385,1,9,0.1,0.3,0.6,1
1,9,0.1,0.3,0.6,0.6918392363322005,1,14,0.3,0.3,0.4,2
1,14,0.3,0.3,0.4,-0.29486076366779956,0,18,0.8,0.1,0.1,3
0,18,0.8,0.1,0.1,0.6279178153580158,7,29,0.2,0.3,0.5,4
7,29,0.2,0.3,0.5,0.6432392363322004,2,35,0.0,0.6,0.4,5
2,35,0.0,0.6,0.4,-0.19222863220652253,0,37,0.1,0.3,0.6,6
0,37,0.1,0.3,0.6,0.6788392363322004,4,44,0.5,0.3,0.2,7
4,44,0.5,0.3,0.2,0.7119392363322005,1,53,0.5,0.4,0.1,8
1,53,0.5,0.4,0.1,0.7690499468192927,3,56,0.3,0.2,0.5,9
3,56,0.3,0.2,0.5,-0.36297147415489206,0,66,0.1,0.9,-0.0,10
0,66,0.1,0.9,-0.0,1.0735034992547543,4,70,0.2,0.6,0.2,11
4,70,0.2,0.6,0.2,0.9955713677934774,3,77,0.1,0.8,0.1,12
3,77,0.1,0.8,0.1,1.2208927887676622,3,80,0.1,0.2,0.7,13
3,80,0.1,0.2,0.7,-0.21277147415489192,0,82,0.4,0.2,0.4,14
0,82,0.4,0.2,0.4,-0.327071474154892,0,88,0.3,0.0,0.7,15
0,88,0.3,0.0,0.7,0.2778071048709234,7,99,0.7,0.3,0.0,16
7,99,0.7,0.3,0.0,0.2687392363322004,4,109,0.5,0.5,-0.0,17
4,109,0.5,0.5,-0.0,-0.6493393426936149,0,111,0.9,0.1,0.0,18
0,111,0.9,0.1,0.0,0.11331781535801577,5,112,0.7,0.2,0.1,19
5,112,0.7,0.2,0.1,-0.099371474154892,2,123,0.1,0.2,0.7,20
2,123,0.1,0.2,0.7,-0.20277147415489205,4,124,0.0,0.6,0.4,21
4,124,0.0,0.6,0.4,-1.180228632206523,0,135,0.4,0.6,0.0,22
0,135,0.4,0.6,0.0,-0.11662863220652264,5,137,0.8,0.1,0.1,23
5,137,0.8,0.1,0.1,-1.5510821846419844,0,145,0.4,0.3,0.3,24
0,145,0.4,0.3,0.3,-0.6539607636677998,5,153,0.1,0.5,0.4,25
5,153,0.1,0.5,0.4,-0.7839393426936152,1,165,0.4,0.4,0.2,26
1,165,0.4,0.4,0.2,-0.6938500531807076,4,160,0.1,0.9,-0.0,27
4,160,0.1,0.9,-0.0,-0.4289965007452461,5,167,0.7,0.1,0.2,28
1,0,0.1,0.8,0.1,0.5163174978729825,2,0,0.2,0.3,0.5,0
2,0,0.2,0.3,0.5,0.4073793040193762,2,12,0.7,0.1,0.2,1
2,12,0.7,0.1,0.2,0.37444402647793373,4,17,0.3,0.1,0.6,2
4,17,0.3,0.1,0.6,0.2963440264779338,6,22,0.5,0.3,0.2,3
6,22,0.5,0.3,0.2,0.33957930401937625,1,33,0.5,0.4,0.1,4
1,33,0.5,0.4,0.1,0.3680469427900974,4,35,0.6,0.2,0.2,5
4,35,0.6,0.2,0.2,-0.676988334751345,0,36,0.4,0.3,0.3,6
0,36,0.4,0.3,0.3,0.3101793040193762,4,42,0.4,0.4,0.2,7
4,42,0.4,0.4,0.2,0.33714694279009744,7,53,0.4,0.2,0.4,8
7,53,0.4,0.2,0.4,0.28521166524865493,7,55,0.2,0.2,0.6,9
7,55,0.2,0.2,0.6,0.24141166524865496,1,62,0.5,0.2,0.3,10
1,62,0.5,0.2,0.3,0.24711166524865488,5,67,0.3,0.2,0.5,11
5,67,0.3,0.2,0.5,0.20331166524865482,2,75,0.1,0.4,0.5,12
2,75,0.1,0.4,0.5,-0.7905530572099027,0,78,0.5,0.2,0.3,13
0,78,0.5,0.2,0.3,0.09111166524865486,1,86,0.2,0.3,0.5,14
1,86,0.2,0.3,0.5,-0.060120695980623945,6,92,0.1,0.3,0.6,15
6,92,0.1,0.3,0.6,-1.1565206959806238,0,96,0.1,0.7,0.2,16
0,96,0.1,0.7,0.2,-0.167150140897739,7,102,0.6,0.1,0.3,17
7,102,0.6,0.1,0.3,-0.3529559735220664,7,109,0.5,0.2,0.3,18
7,109,0.5,0.2,0.3,-1.5608883347513451,0,118,0.5,0.1,0.4,19
0,118,0.5,0.1,0.4,-0.7433559735220664,1,125,0.3,0.1,0.6,20
1,125,0.3,0.1,0.6,-1.0016559735220665,7,135,0.2,0.6,0.2,21
7,135,0.2,0.6,0.2,-1.1027177796684602,3,142,0.9,0.1,-0.0,22
3,142,0.9,0.1,-0.0,-1.0167559735220664,6,139,0.1,0.4,0.5,23
6,139,0.1,0.4,0.5,-1.2095530572099027,2,145,0.0,0.9,0.1,24
2,145,0.0,0.9,0.1,-1.1256148633562966,7,148,0.4,0.3,0.3,25
7,148,0.4,0.3,0.3,-1.314320695980624,6,157,0.1,0.9,-0.0,26
6,157,0.1,0.9,-0.0,-1.1437148633562964,6,157,0.1,0.5,0.4,27
6,157,0.1,0.5,0.4,-0.9660854184391816,4,147,0.1,0.7,0.2,28
5,0,0.3,0.3,0.4,1.0967450593078727,6,0,0.1,0.6,0.3,0
6,0,0.1,0.6,0.3,1.294393031989594,2,7,0.1,0.3,0.6,1
2,7,0.1,0.3,0.6,1.0101845221127883,7,5,0.6,0.1,0.3,2
7,5,0.6,0.1,0.3,0.8399068111606188,6,11,0.8,0.1,0.1,3
6,11,0.8,0.1,0.1,0.7833434389681964,3,19,0.3,0.6,0.1,4
3,19,0.3,0.6,0.1,1.019449583121474,5,27,0.2,0.5,0.3,5
5,27,0.2,0.5,0.3,0.9397511723507832,2,28,0.5,0.1,0.4,6
2,28,0.5,0.1,0.4,0.6770191672643769,1,28,0.1,0.2,0.7,7
1,28,0.1,0.2,0.7,0.6280042233268067,2,36,0.7,0.2,0.1,8
2,36,0.7,0.2,0.1,0.632445394883355,4,48,0.2,0.7,0.1,9
4,48,0.2,0.7,0.1,0.8252412435628746,1,57,0.0,0.8,0.2,10
1,57,0.0,0.8,0.2,0.9203010390017592,5,56,0.2,0.2,0.6,11
5,56,0.2,0.2,0.6,0.6086582329574536,1,61,0.2,0.2,0.6,12
1,61,0.2,0.2,0.6,-0.4448321628952293,0,74,0.8,0.1,0.1,13
0,74,0.8,0.1,0.1,-0.5443707593311573,0,83,0.2,0.7,0.1,14
0,83,0.2,0.7,0.1,0.45634330110845334,1,92,0.1,0.9,-0.0,15
1,92,0.1,0.9,-0.0,0.3862503802549466,7,104,0.2,0.2,0.6,16
7,104,0.2,0.2,0.6,-0.03709513857487412,5,109,0.0,0.5,0.5,17
5,109,0.0,0.5,0.5,-1.08856855570007,0,116,0.4,0.5,0.1,18
0,116,0.4,0.5,0.1,-1.1276568827796778,0,120,0.0,0.9,0.1,19
0,120,0.0,0.9,0.1,-0.11410671659306593,6,130,0.0,1.0,-0.0,20
6,130,0.0,1.0,-0.0,-0.06327495593696297,2,139,0.2,0.0,0.8,21
2,139,0.2,0.0,0.8,-0.5162462342744805,5,132,0.3,0.1,0.6,22
5,132,0.3,0.1,0.6,-0.7300427533338346,4,142,0.1,0.2,0.7,23
4,142,0.1,0.2,0.7,-0.9246612721447091,4,150,0.1,0.7,0.2,24
4,150,0.1,0.7,0.2,-0.8265002071591429,3,157,0.1,0.3,0.6,25
3,157,0.1,0.3,0.6,-1.067233921442608,5,160,0.5,0.3,0.2,26
5,160,0.5,0.3,0.2,-1.2006656580941188,5,166,0.0,0.4,0.6,27
5,166,0.0,0.4,0.6,-1.3152513640300332,5,171,0.1,0.1,0.8,28
5,0,0.8,0.1,0.1,0.6378181710978501,5,0,0.1,0.2,0.7,0
5,0,0.1,0.2,0.7,0.5860289139249273,7,13,0.1,0.7,0.2,1
7,13,0.1,0.7,0.2,0.8770826280603137,3,16,0.4,0.4,0.2,2
3,16,0.4,0.4,0.2,-0.21424960042091823,0,6,0.2,0.1,0.7,3
0,6,0.2,0.1,0.7,0.5894181710978501,7,15,0.1,0.2,0.7,4
7,15,0.1,0.2,0.7,-0.4019710860750727,0,20,0.6,0.1,0.3,5
0,20,0.6,0.1,0.3,0.56851817109785,1,22,0.6,0.3,0.1,6
1,22,0.6,0.3,0.1,0.6360396567520046,7,30,0.1,0.3,0.6,7
7,30,0.1,0.3,0.6,0.5800396567520046,7,41,0.3,0.3,0.4,8
7,41,0.3,0.3,0.4,0.5933396567520045,2,42,0.2,0.5,0.3,9
2,42,0.2,0.5,0.3,0.6919611424061589,3,49,0.1,0.8,0.1,10
3,49,0.1,0.8,0.1,0.9220933708873907,5,52,0.3,0.0,0.7,11
5,52,0.3,0.0,0.7,0.5318074282707727,5,51,0.2,0.3,0.5,12
5,51,0.2,0.3,0.5,0.6354396567520044,6,64,0.4,0.3,0.3,13
6,64,0.4,0.3,0.3,0.6487396567520044,5,66,0.8,0.1,0.1,14
5,66,0.8,0.1,0.1,0.5718181710978499,1,70,0.1,0.4,0.5,15
1,70,0.1,0.4,0.5,-0.3769496004209185,0,78,0.2,0.7,0.1,16
0,78,0.2,0.7,0.1,0.7159826280603133,1,86,0.8,0.2,0.0,17
1,86,0.8,0.2,0.0,0.32132891392492685,1,97,0.2,0.0,0.8,18
1,97,0.2,0.0,0.8,-0.08809257172922752,5,108,0.3,0.1,0.6,19
5,108,0.3,0.1,0.6,-0.3016818289021502,1,119,0.5,0.2,0.3,20
1,119,0.5,0.2,0.3,-0.394371086075073,1,125,0.0,0.9,0.1,21
1,125,0.0,0.9,0.1,-0.33579588628553214,3,138,0.3,0.2,0.5,22
3,138,0.3,0.2,0.5,-1.7761710860750732,0,147,0.0,0.3,0.7,23
0,147,0.0,0.3,0.7,-0.8963603432479957,6,153,0.6,0.0,0.4,24
6,153,0.6,0.0,0.4,-1.1534925717292277,5,161,0.4,0.4,0.2,25
5,161,0.4,0.4,0.2,-1.2372496004209186,1,171,0.9,-0.0,0.1,26
1,171,0.9,-0.0,0.1,-1.3837925717292276,3,172,0.1,0.8,0.1,27
3,172,0.1,0.8,0.1,-1.3849066291126095,4,185,0.5,0.2,0.3,28
2,0,0.0,0.5,0.5,1.156253000534142,3,0,0.4,0.1,0.5,0
3,0,0.4,0.1,0.5,0.8762188670583708,2,11,0.4,0.4,0.2,1
2,11,0.4,0.4,0.2,1.090569467165199,3,18,0.9,0.1,0.0,2
3,18,0.9,0.1,0.0,0.8982188670583708,6,20,0.7,-0.0,0.3,3
6,20,0.7,-0.0,0.3,0.7641353336894279,2,28,0.2,0.6,0.2,4
2,28,0.2,0.6,0.2,1.1343365339030846,7,33,0.6,0.2,0.2,5
7,33,0.6,0.2,0.2,0.8968024004273134,3,40,0.3,0.5,0.2,6
3,40,0.3,0.5,0.2,1.0884530005341417,7,52,0.2,0.5,0.3,7
7,52,0.2,0.5,0.3,1.1160530005341418,7,54,0.1,0.5,0.4,8
7,54,0.1,0.5,0.4,1.1436530005341419,2,54,0.1,0.4,0.5,9
2,54,0.1,0.4,0.5,1.088869467165199,5,61,0.5,0.4,0.1,10
5,61,0.5,0.4,0.1,1.1424694671651991,4,67,0.1,0.5,0.4,11
4,67,0.1,0.5,0.4,1.211153000534142,3,75,0.6,0.3,0.1,12
3,75,0.6,0.3,0.1,1.0275859337962563,7,84,0.2,0.6,0.2,13
7,84,0.2,0.6,0.2,1.0703365339030846,4,94,0.2,0.1,0.7,14
4,94,0.2,0.1,0.7,0.7279188670583707,1,90,0.0,0.6,0.4,15
1,90,0.0,0.6,0.4,0.9185365339030844,4,101,0.3,0.1,0.6,16
4,101,0.3,0.1,0.6,0.3033188670583705,7,112,0.4,-0.0,0.6,17
7,112,0.4,-0.0,0.6,0.06943533368942778,3,118,0.1,0.4,0.5,18
3,118,0.1,0.4,0.5,0.12886946716519865,5,128,0.8,0.2,-0.0,19
5,128,0.8,0.2,-0.0,-1.1653975995726866,0,138,0.8,0.1,0.1,20
0,138,0.8,0.1,0.1,-1.3516811329416294,0,142,0.5,0.3,0.2,21
0,142,0.5,0.3,0.2,-0.559314066203744,1,157,0.3,0.4,0.3,22
1,157,0.3,0.4,0.3,-1.6813305328348014,0,166,0.0,0.5,0.5,23
0,166,0.0,0.5,0.5,-0.7287469994658586,2,172,0.1,0.9,-0.0,24
2,172,0.1,0.9,-0.0,-0.5082128659900877,4,183,0.2,0.4,0.4,25
4,183,0.2,0.4,0.4,-2.0432305328348015,0,192,0.2,0.7,0.1,26
0,192,0.2,0.7,0.1,-0.899379932727973,6,201,0.5,0.3,0.2,27
6,201,0.5,0.3,0.2,-1.4253140662037442,3,212,0.1,0.0,0.9,28
1,0,0.1,0.2,0.7,0.9696802618499741,4,0,0.5,0.3,0.2,0
4,0,0.5,0.3,0.2,0.07426195033747218,0,9,0.1,0.4,0.5,1
0,9,0.1,0.4,0.5,1.1196436388249698,6,12,0.4,0.2,0.4,2
6,12,0.4,0.2,0.4,0.9813802618499741,7,20,0.1,0.6,0.3,3
7,20,0.1,0.6,0.3,1.2956070157999655,6,28,0.1,0.2,0.7,4
6,28,0.1,0.2,0.7,0.975680261849974,7,23,0.2,0.1,0.7,5
7,23,0.2,0.1,0.7,0.8750985733624763,4,25,0.1,0.5,0.4,6
4,25,0.1,0.5,0.4,1.1766253273124674,6,37,0.1,0.7,0.2,7
6,37,0.1,0.7,0.2,1.3312877254652848,7,39,0.5,0.3,0.2,8
7,39,0.5,0.3,0.2,1.0227081820078412,3,34,0.3,0.5,0.2,9
3,34,0.3,0.5,0.2,1.1154837641145168,7,41,0.2,0.4,0.4,10
7,41,0.2,0.4,0.4,0.9995840024645705,1,46,0.7,0.0,0.3,11
1,46,0.7,0.0,0.3,0.7122060067983415,1,43,0.5,0.3,0.2,12
1,43,0.5,0.3,0.2,0.8084756106651713,1,54,0.5,0.4,0.1,13
1,54,0.5,0.4,0.1,0.8300926958717322,7,64,0.0,0.6,0.4,14
7,64,0.0,0.6,0.4,0.8921244921495725,5,73,0.1,0.6,0.3,15
5,73,0.1,0.6,0.3,0.9149658892222355,2,71,0.5,0.4,0.1,16
2,71,0.5,0.4,0.1,0.8242186399111154,6,70,0.3,0.0,0.7,17
6,70,0.3,0.0,0.7,0.5335738458289042,3,78,0.1,0.6,0.3,18
3,78,0.1,0.6,0.3,0.5989342907844704,7,89,0.5,0.5,-0.0,19
7,89,0.5,0.5,-0.0,0.4529831756036769,3,96,0.1,0.2,0.7,20
3,96,0.1,0.2,0.7,0.3138840538321751,4,92,0.0,0.7,0.3,21
4,92,0.0,0.7,0.3,-0.6006627057068036,0,99,0.0,0.8,0.2,22
0,99,0.0,0.8,0.2,-0.5259703051658173,0,101,0.7,0.2,0.1,23
0,101,0.7,0.2,0.1,-0.9381675409231157,0,109,0.5,0.1,0.4,24
0,109,0.5,0.1,0.4,-0.3216148499176177,1,122,0.0,0.8,0.2,25
1,122,0.0,0.8,0.2,-0.1535972713556275,4,127,0.0,0.5,0.5,26
4,127,0.0,0.5,0.5,-0.4493382554952172,3,136,0.2,0.5,0.3,27
3,136,0.2,0.5,0.3,-0.5101645551269016,5,140,0.8,0.2,-0.0,28
6,0,0.0,0.1,0.9,0.6315500535039348,2,0,0.4,0.1,0.5,0
2,0,0.4,0.1,0.5,0.6326500535039348,7,13,0.5,0.1,0.4,1
7,13,0.5,0.1,0.4,-0.3959499464960653,0,21,0.5,0.3,0.2,2
0,21,0.5,0.3,0.2,0.6798318814137411,6,22,0.9,0.0,0.1,3
6,22,0.9,0.0,0.1,0.5475091395490315,7,36,0.2,0.4,0.4,4
7,36,0.2,0.4,0.4,0.6347727953686441,6,40,0.5,0.1,0.4,5
6,40,0.5,0.1,0.4,0.5160500535039347,3,33,0.7,0.1,0.2,6
3,33,0.7,0.1,0.2,-0.5026499464960653,0,45,0.0,0.5,0.5,7
0,45,0.0,0.5,0.5,0.5841137093235472,5,53,0.5,-0.0,0.5,8
5,53,0.5,-0.0,0.5,0.42290913954903153,4,63,0.4,0.3,0.3,9
4,63,0.4,0.3,0.3,0.48793188141374105,5,79,0.5,0.1,0.4,10
5,79,0.5,0.1,0.4,0.3460500535039348,1,83,0.4,0.5,0.1,11
1,83,0.4,0.5,0.1,0.3462137093235474,1,89,0.1,0.7,0.2,12
1,89,0.1,0.7,0.2,0.32129553723335375,2,96,0.6,0.3,0.1,13
2,96,0.6,0.3,0.1,0.11973188141374108,5,102,0.0,0.2,0.8,14
5,102,0.0,0.2,0.8,-0.11430903254116209,5,108,0.0,0.7,0.3,15
5,108,0.0,0.7,0.3,-0.07760446276664623,2,118,0.1,0.9,-0.0,16
2,118,0.1,0.9,-0.0,0.22207736514316012,7,115,0.5,0.3,0.2,17
7,115,0.5,0.3,0.2,-0.9406681185862588,0,112,0.7,0.1,0.2,18
0,112,0.7,0.1,0.2,-0.10364994649606507,6,115,0.3,0.0,0.7,19
6,115,0.3,0.0,0.7,-0.45189086045096827,4,126,0.5,0.3,0.2,20
4,126,0.5,0.3,0.2,-1.4976681185862588,0,134,0.4,0.1,0.5,21
0,134,0.4,0.1,0.5,-0.8123499464960651,5,144,0.4,0.2,0.4,22
5,144,0.4,0.2,0.4,-0.9867090325411618,3,153,0.2,0.4,0.4,23
3,153,0.2,0.4,0.4,-2.0172272046313555,0,157,0.8,0.0,0.2,24
0,157,0.8,0.0,0.2,-1.2623908604509682,4,164,0.5,0.3,0.2,25
4,164,0.5,0.3,0.2,-1.3876681185862587,4,172,0.0,0.3,0.7,26
4,172,0.0,0.3,0.7,-1.5436681185862586,1,177,0.5,0.2,0.3,27
1,177,0.5,0.2,0.3,-1.660809032541162,1,183,0.4,0.5,0.1,28
6,0,0.6,0.1,0.3,1.0129730596525324,6,0,0.3,0.3,0.4,0
6,0,0.3,0.3,0.4,0.13160452504390174,0,8,0.6,-0.0,0.4,1
0,8,0.6,-0.0,0.4,0.8805573269568474,2,12,0.3,0.7,-0.0,2
2,12,0.3,0.7,-0.0,1.4477674558266407,3,20,0.4,0.3,0.3,3
3,20,0.4,0.3,0.3,0.14150452504390176,0,27,0.4,0.0,0.6,4
0,27,0.4,0.0,0.6,0.8607573269568475,4,33,0.4,0.5,0.1,5
4,33,0.4,0.5,0.1,1.2578359904352712,4,37,0.1,0.3,0.6,6
4,37,0.1,0.3,0.6,1.0728045250439016,6,43,0.0,0.4,0.6,7
6,43,0.0,0.4,0.6,0.1508202577395863,0,51,0.2,0.3,0.5,8
0,51,0.2,0.3,0.5,1.0892045250439015,6,50,0.1,0.2,0.7,9
6,50,0.1,0.2,0.7,0.9808887923482169,6,60,0.2,0.1,0.7,10
6,60,0.2,0.1,0.7,0.8798730596525323,2,68,0.0,0.3,0.7,11
2,68,0.0,0.3,0.7,-0.00859547495609847,0,75,0.6,0.2,0.2,12
0,75,0.6,0.2,0.2,0.9383887923482168,3,81,0.0,0.1,0.9,13
3,81,0.0,0.1,0.9,0.5140730596525321,1,94,0.1,0.0,0.9,14
1,94,0.1,0.0,0.9,0.3310573269568473,3,98,0.6,0.1,0.3,15
3,98,0.6,0.1,0.3,0.19997305965253198,4,108,0.1,0.7,0.2,16
4,108,0.1,0.7,0.2,0.3704674558266401,5,118,0.2,0.7,0.1,17
5,118,0.2,0.7,0.1,-0.7261325441733599,0,128,0.8,0.1,0.1,18
0,128,0.8,0.1,0.1,-0.2177269403474682,1,134,0.2,0.4,0.4,19
1,134,0.2,0.4,0.4,-0.3173797422604143,4,146,0.5,0.1,0.4,20
4,146,0.5,0.1,0.4,-0.7149269403474682,3,156,0.4,0.4,0.2,21
3,156,0.4,0.4,0.2,-0.7925797422604142,2,169,0.0,0.4,0.6,22
2,169,0.0,0.4,0.6,-0.978179742260414,1,177,0.2,0.2,0.6,23
1,177,0.2,0.2,0.6,-1.2452112076517836,6,184,0.0,0.5,0.5,24
6,184,0.0,0.5,0.5,-1.2692640095647292,1,195,0.3,0.3,0.4,25
1,195,0.3,0.3,0.4,-2.5298954749560987,0,203,0.7,-0.0,0.3,26
0,203,0.7,-0.0,0.3,-1.9045426730431532,5,212,0.2,0.6,0.2,27
5,212,0.2,0.6,0.2,-1.7715482768690447,1,223,0.0,0.4,0.6,28
0,0,0.2,0.3,0.5,0.3575375126122374,6,0,0.7,0.3,0.0,0
6,0,0.7,0.3,0.0,0.38224070844321634,6,8,0.5,0.4,0.1,1
6,8,0.5,0.4,0.1,0.3737585489819074,1,10,0.5,0.3,0.2,2
1,10,0.5,0.3,0.2,0.3341083246191342,4,10,0.2,0.1,0.7,3
4,10,0.2,0.1,0.7,0.22523254748623983,3,20,0.3,0.7,-0.0,4
3,20,0.3,0.7,-0.0,0.3669022696774333,1,25,0.1,0.4,0.5,5
1,25,0.1,0.4,0.5,0.3008015683023094,1,26,0.6,0.1,0.3,6
1,26,0.6,0.1,0.3,0.2587174476395375,7,34,0.0,1.0,-0.0,7
7,34,0.0,1.0,-0.0,0.4546440399714924,5,46,0.1,0.6,0.3,8
5,46,0.1,0.6,0.3,0.43119027762942347,6,32,0.0,0.5,0.5,9
6,32,0.0,0.5,0.5,-0.5807615099475579,0,32,0.6,0.4,-0.0,10
0,32,0.6,0.4,-0.0,-0.5565420860406407,0,28,0.1,0.7,0.2,11
0,28,0.1,0.7,0.2,0.5585042967551995,7,36,0.8,0.1,0.1,12
7,36,0.8,0.1,0.1,0.3867562571541697,5,46,0.0,0.5,0.5,13
5,46,0.0,0.5,0.5,0.3981509355315403,6,53,0.3,0.5,0.2,14
6,53,0.3,0.5,0.2,0.44085560851524863,3,54,0.0,0.9,0.1,15
3,54,0.0,0.9,0.1,-0.29090840475429103,0,59,0.1,0.8,0.1,16
0,59,0.1,0.8,0.1,0.7573712190420134,7,62,0.1,0.1,0.8,17
7,62,0.1,0.1,0.8,0.4015116057118004,6,70,0.3,0.2,0.5,18
6,70,0.3,0.2,0.5,0.403241011038974,1,78,0.4,0.3,0.3,19
1,78,0.4,0.3,0.3,-0.6914618318202662,0,85,0.0,0.6,0.4,20
0,85,0.0,0.6,0.4,0.3078264888605308,2,90,0.4,0.5,0.1,21
2,90,0.4,0.5,0.1,0.12491491585231218,4,99,0.7,0.1,0.2,22
4,99,0.7,0.1,0.2,-0.24629184836280427,7,111,0.9,0.0,0.1,23
7,111,0.9,0.0,0.1,-1.5073276736705923,0,121,0.2,0.5,0.3,24
0,121,0.2,0.5,0.3,-0.694581888863363,6,131,0.2,0.2,0.6,25
6,131,0.2,0.2,0.6,-0.9535368458830376,6,140,0.6,0.2,0.2,26
6,140,0.6,0.2,0.2,-2.08924240084861,0,147,0.6,0.2,0.2,27
0,147,0.6,0.2,0.2,-1.342780654093306,3,158,0.3,0.3,0.4,28
4,0,0.0,0.9,0.1,1.437108451019893,7,0,0.5,0.4,0.1,0
7,0,0.5,0.4,0.1,1.1492641218041317,3,11,0.5,0.3,0.2,1
3,11,0.5,0.3,0.2,0.07149525596097961,0,13,0.2,0.0,0.8,2
0,13,0.2,0.0,0.8,0.7794886584315227,3,22,0.8,0.2,-0.0,3
3,22,0.8,0.2,-0.0,0.9464263901178271,4,32,0.7,0.2,0.1,4
4,32,0.7,0.2,0.1,0.9125263901178271,4,38,0.1,0.6,0.3,5
4,38,0.1,0.6,0.3,1.1642018534904366,3,43,0.5,0.3,0.2,6
3,43,0.5,0.3,0.2,0.9999952559609795,2,55,0.3,0.1,0.6,7
2,55,0.3,0.1,0.6,0.811157524274675,1,58,0.1,0.3,0.6,8
1,58,0.1,0.3,0.6,0.9083952559609795,3,68,0.4,0.5,0.1,9
3,68,0.4,0.5,0.1,1.098132987647284,4,75,0.4,0.3,0.3,10
4,75,0.4,0.3,0.3,0.9440952559609794,4,81,0.5,0.4,0.1,11
4,81,0.5,0.4,0.1,-0.14873587819586837,0,90,0.7,0.0,0.3,12
0,90,0.7,0.0,0.3,-0.5560113415684775,0,96,0.2,0.3,0.5,13
0,96,0.2,0.3,0.5,0.32579525596097936,4,108,0.3,0.2,0.5,14
4,108,0.3,0.2,0.5,0.09292639011782722,6,116,0.1,0.4,0.5,15
6,116,0.1,0.4,0.5,-0.059335878195868386,6,129,0.2,0.1,0.7,16
6,129,0.2,0.1,0.7,-0.3412424757253252,7,133,0.1,0.4,0.5,17
7,133,0.1,0.4,0.5,-0.35433587819586854,4,142,0.5,0.3,0.2,18
4,142,0.5,0.3,0.2,-0.5365047440390206,1,150,0.4,0.3,0.3,19
1,150,0.4,0.3,0.3,-0.7329047440390207,5,159,0.7,0.0,0.3,20
5,159,0.7,0.0,0.3,-1.1560113415684776,2,171,0.3,0.4,0.3,21
2,171,0.3,0.4,0.3,-2.204535878195869,0,182,0.0,0.4,0.6,22
0,182,0.0,0.4,0.6,-1.3602358781958688,1,189,0.4,0.3,0.3,23
1,189,0.4,0.3,0.3,-1.5384047440390205,2,197,0.6,0.2,0.2,24
2,197,0.6,0.2,0.2,-1.793373609882173,1,207,0.3,0.6,0.1,25
1,207,0.3,0.6,0.1,-1.6639981465095641,6,212,0.4,0.5,0.1,26
6,212,0.4,0.5,0.1,-1.909367012352716,7,224,0.3,0.3,0.4,27
7,224,0.3,0.3,0.4,-2.1563047440390206,3,230,0.1,0.7,0.2,28
2,0,0.3,0.0,0.7,0.5025323876501723,7,0,0.2,0.7,0.1,0
7,0,0.2,0.7,0.1,0.8032356936400437,4,10,0.2,0.4,0.4,1
4,10,0.2,0.4,0.4,0.6603917264225421,4,10,0.1,0.5,0.4,2
4,10,0.1,0.5,0.4,0.6882561533818713,7,10,0.6,0.0,0.4,3
7,10,0.6,0.0,0.4,0.472593503344933,6,15,0.2,0.6,0.2,4
6,15,0.2,0.6,0.2,-0.3505855726953937,0,27,0.0,0.4,0.6,5
0,27,0.0,0.4,0.6,0.5462450104371441,4,24,0.1,0.2,0.7,6
4,24,0.1,0.2,0.7,0.44416233039058756,5,33,0.2,0.3,0.5,7
5,33,0.2,0.3,0.5,0.45114386813106616,2,42,0.0,0.5,0.5,8
2,42,0.0,0.5,0.5,0.4914207956820702,7,45,0.6,0.1,0.3,9
7,45,0.6,0.1,0.3,0.38956556536939746,7,52,0.9,0.1,-0.0,10
7,52,0.9,0.1,-0.0,0.3655924475918975,7,61,0.2,0.3,0.5,11
7,61,0.2,0.3,0.5,0.3054053775835214,7,65,0.2,0.0,0.8,12
7,65,0.2,0.0,0.8,-0.7974426094648059,0,72,0.2,0.8,-0.0,13
0,72,0.2,0.8,-0.0,-0.6271305146509158,0,79,0.2,0.4,0.4,14
0,79,0.2,0.4,0.4,0.1727220964010897,2,87,0.5,0.4,0.1,15
2,87,0.5,0.4,0.1,-0.041023907142185734,7,99,0.1,0.3,0.6,16
7,99,0.1,0.3,0.6,-0.29580950219568364,6,108,0.8,0.0,0.2,17
6,108,0.8,0.0,0.2,-0.3808833412471906,4,111,0.5,0.5,0.0,18
4,111,0.5,0.5,0.0,-0.5765547414968584,7,122,0.2,0.2,0.6,19
7,122,0.2,0.2,0.6,-0.7627015973398983,5,127,0.3,0.7,0.0,20
5,127,0.3,0.7,0.0,-0.7322726901154526,6,131,0.0,0.4,0.6,21
6,131,0.0,0.4,0.6,-0.9103405841300791,4,137,0.1,0.9,0.0,22
4,137,0.1,0.9,0.0,-0.7587754988113655,1,139,0.0,1.0,-0.0,23
1,139,0.0,1.0,-0.0,-0.6087455612109196,6,140,0.4,0.3,0.3,24
6,140,0.4,0.3,0.3,-0.9501324079081943,7,149,0.1,0.8,0.1,25
7,149,0.1,0.8,0.1,-0.8475903666511446,1,155,0.1,0.9,-0.0,26
1,155,0.1,0.9,-0.0,-0.71212217411514,6,157,0.1,0.1,0.8,27
6,157,0.1,0.1,0.8,-1.2417172744349774,4,163,0.8,0.1,0.1,28
4,0,0.4,-0.0,0.6,0.453639396932792,4,0,0.3,-0.0,0.7,0
4,0,0.3,-0.0,0.7,0.39373939693279203,3,10,0.8,0.0,0.2,1
3,10,0.8,0.0,0.2,0.393239396932792,6,19,0.6,0.2,0.2,2
6,19,0.6,0.2,0.2,0.39184727631935035,1,22,0.9,0.1,-0.0,3
1,22,0.9,0.1,-0.0,0.3638433366260712,6,30,0.0,0.2,0.8,4
6,30,0.0,0.2,0.8,0.2664472763193504,5,38,0.3,0.4,0.3,5
5,38,0.3,0.4,0.3,0.3375551557059089,1,48,0.2,0.7,0.1,6
1,48,0.2,0.7,0.1,0.4652669747857465,5,52,0.5,0.1,0.4,7
5,52,0.5,0.1,0.4,0.3352433366260713,1,56,0.5,0.4,0.1,8
1,56,0.5,0.4,0.1,0.3993551557059088,2,64,0.2,0.2,0.6,9
2,64,0.2,0.2,0.6,0.31024727631935034,5,75,0.0,0.0,1.0,10
5,75,0.0,0.0,1.0,0.189039396932792,3,81,0.0,0.2,0.8,11
3,81,0.0,0.2,0.8,0.02644727631935037,2,89,0.4,-0.0,0.6,12
2,89,0.4,-0.0,0.6,-0.141360603067208,6,96,0.9,0.1,0.0,13
6,96,0.9,0.1,0.0,-0.32665666337392885,3,106,0.3,0.4,0.3,14
3,106,0.3,0.4,0.3,-1.491444844294091,0,112,0.4,0.6,-0.0,15
0,112,0.4,0.6,-0.0,-0.5551369649075328,3,119,0.0,0.2,0.8,16
3,119,0.0,0.2,0.8,-0.7195527236806496,1,123,0.6,0.3,0.1,17
1,123,0.6,0.3,0.1,-0.7834487839873703,6,129,0.1,0.3,0.6,18
6,129,0.1,0.3,0.6,-2.0594487839873703,0,140,0.9,0.1,-0.0,19
0,140,0.9,0.1,-0.0,-1.2031566633739288,7,149,0.1,0.2,0.7,20
7,149,0.1,0.2,0.7,-1.5876527236806495,2,163,0.2,0.4,0.4,21
2,163,0.2,0.4,0.4,-1.7303448442940912,1,171,0.1,0.1,0.8,22
1,171,0.1,0.1,0.8,-1.9518566633739287,4,180,0.0,0.2,0.8,23
4,180,0.0,0.2,0.8,-2.1315527236806497,4,187,0.6,0.4,0.0,24
4,187,0.6,0.4,0.0,-2.2937448442940913,5,198,0.5,0.3,0.2,25
5,198,0.5,0.3,0.2,-2.5033487839873705,1,208,0.1,0.1,0.8,26
1,208,0.1,0.1,0.8,-2.6392,3,212,0.3,0.3,0.4,27
3,212,0.3,0.3,0.4,-2.7996,6,220,0.7,0.2,0.1,28
4,0,0.2,0.3,0.5,0.21896627673296393,4,0,0.9,0.0,0.1,0
4,0,0.9,0.0,0.1,-0.7841567102054123,0,8,0.7,0.0,0.3,1
0,8,0.7,0.0,0.3,0.1460432897945877,4,18,0.6,0.2,0.2,2
4,18,0.6,0.2,0.2,0.10709194775350513,7,22,0.0,0.6,0.4,3
7,22,0.0,0.6,0.4,0.09358926367134024,4,26,0.1,0.6,0.3,4
4,26,0.1,0.6,0.3,0.1674892636713402,1,21,0.5,0.4,0.1,5
1,21,0.5,0.4,0.1,0.2141406057124226,2,23,0.1,0.5,0.4,6
2,23,0.1,0.5,0.4,0.21651493469188143,7,31,0.6,0.0,0.4,7
7,31,0.6,0.0,0.4,0.1811432897945876,7,40,0.6,0.2,0.2,8
7,40,0.6,0.2,0.2,0.16109194775350508,3,48,0.0,0.2,0.8,9
3,48,0.0,0.2,0.8,0.07769194775350512,7,52,0.1,0.7,0.2,10
7,52,0.1,0.7,0.2,0.17096359265079886,1,64,0.1,0.7,0.2,11
1,64,0.1,0.7,0.2,0.2644635926507988,6,65,0.6,0.1,0.3,12
6,65,0.6,0.1,0.3,0.22161761877404634,1,72,0.8,0.1,0.1,13
1,72,0.8,0.1,0.1,0.10291761877404632,7,85,0.6,0.1,0.3,14
7,85,0.6,0.1,0.3,-0.15538238122595363,6,95,0.0,0.1,0.9,15
6,95,0.0,0.1,0.9,-0.43328238122595364,4,104,0.6,0.4,0.0,16
4,104,0.6,0.4,0.0,-0.41495939428757744,6,106,0.5,0.5,-0.0,17
6,106,0.5,0.5,-0.0,-0.5513850653081187,2,114,0.2,0.6,0.2,18
2,114,0.2,0.6,0.2,-1.57861073632866,0,117,0.4,0.2,0.4,19
0,117,0.4,0.2,0.4,-1.6727080522464948,0,121,0.8,0.2,-0.0,20
0,121,0.8,0.2,-0.0,-0.8171080522464951,3,129,0.2,0.1,0.7,21
3,129,0.2,0.1,0.7,-1.1534823812259536,1,141,0.5,0.4,0.1,22
1,141,0.5,0.4,0.1,-1.2848593942875772,4,149,0.2,0.3,0.5,23
4,149,0.2,0.3,0.5,-1.4370337232670363,4,155,0.3,0.2,0.5,24
4,155,0.3,0.2,0.5,-2.706608052246495,0,168,0.4,0.3,0.3,25
0,168,0.4,0.3,0.3,-1.8497337232670361,2,175,0.2,-0.0,0.8,26
2,175,0.2,-0.0,0.8,-1.9792,5,180,0.5,0.3,0.2,27
5,180,0.5,0.3,0.2,-2.3198,2,197,0.3,0.0,0.7,28
7,0,0.0,0.2,0.8,-0.8806438559227965,0,0,0.7,0.1,0.2,0
0,0,0.7,0.1,0.2,0.14870979873743656,2,7,0.9,0.1,-0.0,1
2,7,0.9,0.1,-0.0,0.13000979873743657,5,14,0.5,0.1,0.4,2
5,14,0.5,0.1,0.4,0.05190979873743659,3,19,0.2,0.5,0.3,3
3,19,0.2,0.5,0.3,0.0234951800965044,6,30,0.6,0.4,-0.0,4
6,30,0.6,0.4,-0.0,0.08364883475673753,5,37,0.2,0.1,0.7,5
5,37,0.2,0.1,0.7,0.022209798737436663,6,36,0.4,0.3,0.3,6
6,36,0.4,0.3,0.3,0.017402489416970528,6,45,0.2,0.2,0.6,7
6,45,0.2,0.2,0.6,0.0006000000000000449,2,43,0.0,0.2,0.8,8
2,43,0.0,0.2,0.8,-0.019199999999999995,6,43,0.3,0.7,0.0,9
6,43,0.3,0.7,0.0,0.05350000000000006,5,52,0.3,0.6,0.1,10
5,52,0.3,0.6,0.1,0.12210000000000007,7,48,0.0,0.3,0.7,11
7,48,0.0,0.3,0.7,0.0877,5,49,0.9,0.0,0.1,12
5,49,0.9,0.0,0.1,0.13009999999999994,7,53,0.7,0.2,0.1,13
7,53,0.7,0.2,0.1,-0.9259000000000001,0,65,0.1,0.3,0.6,14
0,65,0.1,0.3,0.6,0.00010000000000002715,6,71,0.4,0.2,0.4,15
6,71,0.4,0.2,0.4,-0.9996,0,81,0.4,0.3,0.3,16
0,81,0.4,0.3,0.3,-0.16970000000000002,4,89,0.1,0.8,0.1,17
4,89,0.1,0.8,0.1,-0.24390000000000003,4,95,0.1,0.4,0.5,18
4,95,0.1,0.4,0.5,-0.1975000000000001,7,94,0.2,0.1,0.7,19
7,94,0.2,0.1,0.7,-1.3798,0,102,0.1,0.3,0.6,20
0,102,0.1,0.3,0.6,-0.5274,1,108,0.0,0.3,0.7,21
1,108,0.0,0.3,0.7,-1.7437999999999998,0,118,0.1,0.7,0.2,22
0,118,0.1,0.7,0.2,-0.8467999999999999,5,127,0.4,0.2,0.4,23
5,127,0.4,0.2,0.4,-1.0156,6,136,0.6,0.2,0.2,24
6,136,0.6,0.2,0.2,-1.1598000000000002,6,143,0.4,0.5,0.1,25
6,143,0.4,0.5,0.1,-1.2773999999999999,5,149,0.1,0.8,0.1,26
5,149,0.1,0.8,0.1,-2.1289,0,146,0.3,0.2,0.5,27
0,146,0.3,0.2,0.5,-1.0595,3,141,0.5,0.4,0.1,28
